CASENAME,Depth,Area,RESTHICK,PRESS,TEMP,OILGRAV,SOLGOR,Visco,Psat,Bo,FLUIDTYPE,WATSAL,Aquifer,POROSITY,NTG,PERM,CONWATER,PERM.AQUIFER,OOIP,RF,RFmax,Np,Nw,Ng,Nwi,GOR,SWx,RELPERM.RESSAT.Kro,RELPERM.ENDPOINT.Kro,RELPERM.ENDPOINT.Krw,RELPERM.EXPON.Kro,RELPERM.EXPON.Krw,PROD.PI,WINJ.PI,PROD_TIME,Field.OILRATE,Field.WATRATE,Field.GASRATE,Field.INJWATRATE,Field.INJGASRATE,NumPROD,NumWINJ,BODP_well,RECOVERY,acuifero
1b54df2c,2720,13.5,119,1560,134.0,13.7,40.0,522.5,492.0,1.03,,107700.0,Medium,0.17300000000000001,0.49,340,0.431,190.0,110,12.014646137881465,16.532691764724653,156.9115,407.87602499999986,257220.57625,292.9464875000001,33.0,0.4589789303079408,0.311,0.8457892857142872,0.213,3.5105211267605356,1.77,1.0,2.0,33.16212499999998,7100.0,22500.0,0.0,40683.16690442231,2357.9457364341033,16.0,7.0,31497.742906098574,,1
84d69ded,1010,42.7,93,1320,97.0,37.4,347.54914809960695,2.2,1198.0,1.07,,124000.0,None,0.1,0.84,40,0.445,10.0,270,23.335751037888315,29.38379224131681,156.9115,407.87602499999986,257220.57625,292.9464875000001,362.0,0.4589789303079408,0.32299999999999995,0.9026,0.34043012912482085,3.5105211267605356,2.2025450000000264,0.0,0.0,33.16212499999998,24000.0,0.0,0.0,40683.16690442231,2357.9457364341033,149.0,201.0,49129.34555905403,,0
4376f799,11450,23.9,78,5830,244.0,13.3,120.0,38.24694148936168,1613.0,1.0672,,45300.0,Strong,0.28,0.71,670,0.295,620.0,330,23.90652822685785,30.788524188020823,156.9115,407.87602499999986,257220.57625,292.9464875000001,90.0,0.4589789303079408,0.2612,0.6652,0.34043012912482085,3.5105211267605356,2.2025450000000264,4.0,8.780780780780672,33.16212499999998,35000.0,56200.0,25.67164179104483,40683.16690442231,2357.9457364341033,18.025099075297234,2.0,76594.63250566622,,3
80d83419,2360,30.5,213,4830,133.0,40.1,1310.0,1.0,4373.0,1.13,,118000.0,Weak,0.11,0.69,80,0.409,50.0,350,44.17215011391306,51.93032383893819,156.9115,407.87602499999986,257220.57625,292.9464875000001,8134.0,0.4589789303079408,0.2448,0.8457892857142872,0.31,3.5105211267605356,2.388,5.7838827838827855,1.0,33.16212499999998,32000.0,113300.0,100.0,40683.16690442231,2357.9457364341033,35.0,38.0,13310.549297911015,,5
47785e6d,5110,20.42978177150193,120,3880,134.0,14.0,70.0,883.2,819.0,1.03,,101500.0,Weak,0.191,0.55,130,0.41600000000000004,60.0,160,22.459924465688665,28.397559209366364,156.9115,407.87602499999986,257220.57625,292.9464875000001,50.0,0.4589789303079408,0.3353,0.986,0.44,3.5105211267605356,2.2025450000000264,1.0,1.0,33.16212499999998,6200.0,17400.0,0.0,40683.16690442231,2357.9457364341033,12.0,7.0,35347.34789877111,,5
d477fb5e,3470,34.8,243,1800,157.0,25.1,200.0,5.0,1621.0,1.09,,105700.0,Medium,0.11599999999999999,0.75,140,0.406,423.3383010432194,580,20.562313219020325,25.053462821363976,156.9115,407.87602499999986,257220.57625,292.9464875000001,6174.0,0.4589789303079408,0.25912882096070033,0.94,0.23,3.5105211267605356,2.64,2.0,8.780780780780672,33.16212499999998,38800.0,62122.82321899733,0.0,40683.16690442231,2357.9457364341033,23.0,6.0,20029.135167977074,,1
e59fe1c3,2860,22.1,209,1860,118.0,18.9,40.0,155.4,343.0,1.024,,88400.0,Medium,0.213,0.5,250,0.39,170.0,420,16.525572261711915,20.728759079667707,156.9115,407.87602499999986,257220.57625,292.9464875000001,32.0,0.4589789303079408,0.306,0.8457892857142872,0.2657,3.5105211267605356,2.2025450000000264,2.0,3.0,33.16212499999998,39000.0,57300.0,0.0,40683.16690442231,2357.9457364341033,21.0,9.0,22998.4120615916,,1
5d58feaf,6320,17.9,175,3950,144.0,33.4,370.0,2.1,1662.0,1.1151,,78300.0,Weak,0.21,0.5,180,0.313,140.0,330,34.49769072011017,41.44793638919342,156.9115,407.87602499999986,257220.57625,292.9464875000001,280.0,0.4589789303079408,0.25912882096070033,0.96,0.37,3.5105211267605356,2.2025450000000264,1.0,2.0,33.16212499999998,27000.0,28000.0,25.67164179104483,40683.16690442231,2357.9457364341033,12.0,7.0,39923.17079728382,,5
98ffc021,1470,22.1,405,1120,101.0,33.8,120.0,4.5,440.0,1.04,,93900.0,Weak,0.138,0.73,150,0.37,80.0,720,33.456585358105414,35.53557158908057,156.9115,407.87602499999986,257220.57625,292.9464875000001,90.0,0.4589789303079408,0.25912882096070033,0.8528,0.33,3.5105211267605356,1.78,5.7838827838827855,4.0,33.16212499999998,70000.0,142500.0,25.67164179104483,40683.16690442231,2357.9457364341033,29.0,22.0,14348.311615648985,,5
2038df4d,8250,26.3,161,3800,241.0,32.8,70.0,2.3,1588.1898395721917,1.0486,,13800.0,,0.237,0.62,1220,0.195,910.0,720,27.664503697837308,33.89418618916604,156.9115,407.87602499999986,257220.57625,292.9464875000001,56.0,0.4589789303079408,0.24,0.8457892857142872,0.39,3.44,2.2025450000000264,5.7838827838827855,14.0,33.16212499999998,69000.0,84600.0,0.0,40683.16690442231,2357.9457364341033,7.0,9.332857142857154,64091.07472110441,,0
b5a09a9e,11340,26.3,169,5660,244.0,35.4,300.0,0.7,1214.0,1.1193,,62233.24099722996,Very Strong,0.278,0.7,790,0.161,690.0,1030,35.48183100248163,44.82796994308241,156.9115,407.87602499999986,257220.57625,292.9464875000001,224.0,0.4589789303079408,0.25912882096070033,0.8457892857142872,0.265,2.63,2.2025450000000264,5.7838827838827855,8.780780780780672,33.16212499999998,76000.0,36100.0,0.0,40683.16690442231,2357.9457364341033,9.0,0.0,47277.35837133369,,4
0d6785f2,7450,19.0,324,6880,206.0,41.7,2060.0,0.3,6271.0,1.4622,,87700.0,Weak,0.125,0.7,170,0.299,423.3383010432194,470,44.90822797916795,56.69679446572479,156.9115,407.87602499999986,257220.57625,292.9464875000001,2711.0,0.4589789303079408,0.2198,0.753,0.573,3.5105211267605356,2.2025450000000264,5.7838827838827855,8.780780780780672,33.16212499999998,48000.0,48100.0,300.0,40683.16690442231,2357.9457364341033,9.0,9.0,51157.889022049494,,5
84488003,3570,20.7,110,2610,123.0,43.0,630.0,0.9,1930.0,1.2016,,88000.0,None,0.171,0.53,70,0.312,60.0,190,30.772230965748566,37.87670270929125,156.9115,407.87602499999986,257220.57625,292.9464875000001,474.0,0.4589789303079408,0.27,0.9940000000000001,0.3474,3.5105211267605356,2.2025450000000264,0.0,8.780780780780672,33.16212499999998,18000.0,20900.0,0.0,40683.16690442231,2357.9457364341033,42.0,36.0,10833.92092065021,,0
04367290,8550,11.9,226,3900,227.0,41.3,1270.0,0.2,3559.0,1.5089,,23000.0,Medium,0.193,0.63,210,0.17300000000000001,190.0,400,31.17876367966942,41.43654815544768,156.9115,407.87602499999986,257220.57625,292.9464875000001,1846.0,0.4589789303079408,0.2,0.79,0.2339,3.5105211267605356,2.503,2.0,8.780780780780672,33.16212499999998,30000.0,0.0,100.0,40683.16690442231,2357.9457364341033,12.0,3.0,36980.3084986168,,1
9cf169d5,11890,18.7,204,5960,251.0,37.2,570.0,0.4,2139.0,1.216,,3500.0,Strong,0.27699999999999997,0.52,680,0.154,610.0,680,36.1638438165993,46.30249747881518,156.9115,407.87602499999986,257220.57625,292.9464875000001,458.0,0.4589789303079408,0.2056,0.95,0.3,3.5105211267605356,2.2025450000000264,5.7838827838827855,8.780780780780672,33.16212499999998,60000.0,32100.0,0.0,40683.16690442231,2357.9457364341033,5.0,0.0,49129.34555905403,,3
560e5d37,8720,16.1,189,4870,199.0,18.1,220.0,38.24694148936168,1588.1898395721917,1.0831,,69600.0,Weak,0.195,0.65,220,0.32899999999999996,160.0,370,26.66881352177253,33.78401228998872,156.9115,407.87602499999986,257220.57625,292.9464875000001,163.0,0.4589789303079408,0.25912882096070033,0.8457892857142872,0.24,3.5105211267605356,2.2025450000000264,2.0,8.780780780780672,33.16212499999998,35000.0,39200.0,0.0,40683.16690442231,2357.9457364341033,8.0,4.0,49129.34555905403,,5
47e64383,9290,12.4,113,3610,246.0,28.24155019059721,100.0,6.2,948.0,1.0652,,62233.24099722996,Very Strong,0.192,0.8,2350,0.272,1480.0,200,35.18377316649882,39.95273941869936,156.9115,407.87602499999986,257220.57625,292.9464875000001,77.0,0.4589789303079408,0.25912882096070033,0.919,0.16,3.5105211267605356,2.9989999999999997,23.0,8.780780780780672,33.16212499999998,21000.0,159000.0,0.0,40683.16690442231,2357.9457364341033,4.0,0.0,126980.96576238461,,4
760e591e,6910,38.1,103,2490,211.0,20.4,90.0,5.9,1588.1898395721917,1.0547,,50800.0,Very Strong,0.226,0.57,1610,0.307,1180.0,510,20.137589639760442,27.181379255510432,156.9115,407.87602499999986,257220.57625,292.9464875000001,69.0,0.4589789303079408,0.22699999999999998,0.8059999999999999,0.38,3.5105211267605356,2.2025450000000264,6.0,10.0,33.16212499999998,39000.0,31700.0,25.67164179104483,40683.16690442231,2357.9457364341033,9.0,0.0,54349.694739037666,,4
79565372,1580,15.1,56,1480,95.0,22.5,200.0,27.3,1388.0,1.055,,121200.0,,0.131,0.76,50,0.44,30.0,70,15.78851633756576,20.686136633011245,156.9115,407.87602499999986,257220.57625,292.9464875000001,150.0,0.4589789303079408,0.33,0.9111,0.2128,3.5105211267605356,2.2025450000000264,0.0,8.780780780780672,33.16212499999998,6000.0,12600.0,0.0,40683.16690442231,2357.9457364341033,41.0,36.0,10340.680562868634,,0
2969282f,6950,23.7,229,3660,192.0,39.6,840.0,0.3,3329.0,1.43,,70600.0,Weak,0.157,0.58,150,0.265,110.0,480,35.58715846957267,44.172528107158215,156.9115,407.87602499999986,257220.57625,292.9464875000001,10289.0,0.4589789303079408,0.24,0.8457892857142872,0.3286,3.5105211267605356,2.2025450000000264,1.0,8.780780780780672,33.16212499999998,52000.0,17000.0,100.0,40683.16690442231,2357.9457364341033,18.0,15.0,23486.65442679485,,5
91ae3743,3330,15.5,283,1820,155.0,41.1,350.0,0.9,1140.0,1.1137,,58900.0,,0.156,0.72,110,0.26,423.3383010432194,410,28.273000204367143,33.8020225266598,156.9115,407.87602499999986,257220.57625,292.9464875000001,262.0,0.4589789303079408,0.25912882096070033,0.8457892857142872,0.31,3.5105211267605356,2.234,5.7838827838827855,3.0,33.16212499999998,47000.0,46400.0,0.0,40683.16690442231,2357.9457364341033,21.0,12.0,20914.86305332011,,0
d27e0650,10500,17.1,155,5190,213.0,30.1,400.0,38.24694148936168,1588.1898395721917,1.15,,36500.0,Strong,0.243,0.69,450,0.23,410.0,490,31.165459602059077,39.702218911905824,156.9115,407.87602499999986,257220.57625,292.9464875000001,296.0,0.4589789303079408,0.226,0.92,0.48,3.5105211267605356,2.2025450000000264,3.0,5.0,33.16212499999998,37000.0,25000.0,0.0,40683.16690442231,2357.9457364341033,8.0,0.0,53743.377092306764,,3
dd260c3c,2400,9.2,316,2840,121.0,38.6,680.0,0.9,2589.0,1.17,,109200.0,None,0.127,0.51,50,0.37200000000000005,40.0,150,27.111817027061942,35.118403244965734,156.9115,407.87602499999986,257220.57625,292.9464875000001,73956.0,0.4589789303079408,0.2685,0.8390000000000001,0.4,3.5105211267605356,2.2025450000000264,1.0,1.0,33.16212499999998,17000.0,0.0,0.0,40683.16690442231,2357.9457364341033,26.0,27.0,18155.0566502305,,0
e3961ccd,1830,28.8,164,4000,103.0,42.8,1090.0,0.8,3642.0,1.21,,62233.24099722996,,0.10800000000000001,0.78,10,0.384,10.0,290,36.8085857183075,44.103377028074696,156.9115,407.87602499999986,257220.57625,292.9464875000001,6185.0,0.4589789303079408,0.3147,0.8457892857142872,0.2333,3.5105211267605356,2.2025450000000264,0.0,0.0,33.16212499999998,28000.0,96900.0,25.67164179104483,40683.16690442231,2357.9457364341033,271.0,9.332857142857154,1582.3813989880277,,0
ecce16a1,7560,9.4,363,3860,210.0,19.6,160.0,9.2,1275.0,1.07,,65700.0,Strong,0.2,0.65,350,0.327,250.0,370,22.19380268015874,28.862628105632812,156.9115,407.87602499999986,257220.57625,292.9464875000001,116.0,0.4589789303079408,0.2669,0.8457892857142872,0.4986,3.5105211267605356,2.2025450000000264,5.7838827838827855,8.780780780780672,33.16212499999998,41000.0,33900.0,0.0,40683.16690442231,2357.9457364341033,6.0,0.0,49129.34555905403,,3
a30dddae,9430,7.8,173,4670,200.0,22.7,200.0,4.5,1588.1898395721917,1.08,,49100.0,Strong,0.22,0.7,540,0.28300000000000003,430.0,170,27.971495099454422,34.450195490704616,156.9115,407.87602499999986,257220.57625,292.9464875000001,148.0,0.4589789303079408,0.25912882096070033,0.81,0.145,3.5105211267605356,2.2025450000000264,5.7838827838827855,8.780780780780672,33.16212499999998,17000.0,50100.0,0.0,40683.16690442231,2357.9457364341033,5.0,0.0,49129.34555905403,,3
a4a1d898,6830,12.5,313,3940,173.0,34.0,347.54914809960695,2.4,1588.1898395721917,1.053,,36400.0,,0.24600000000000002,0.64,220,0.23199999999999998,190.0,620,24.21271120046867,32.81156503996489,156.9115,407.87602499999986,257220.57625,292.9464875000001,106.0,0.4589789303079408,0.25912882096070033,0.8457892857142872,0.5124,3.5105211267605356,2.2025450000000264,4.0,8.780780780780672,33.16212499999998,72000.0,2100.0,0.0,40683.16690442231,2357.9457364341033,8.0,0.0,54356.84462318823,,0
ac55d7c2,5910,16.5,199,2600,169.0,35.8,347.54914809960695,1.6,1588.1898395721917,1.04,,23700.0,Strong,0.27899999999999997,0.58,740,0.207,630.0,600,27.35780312355549,35.38972112358604,156.9115,407.87602499999986,257220.57625,292.9464875000001,63.0,0.4589789303079408,0.25912882096070033,0.9889,0.36,3.5105211267605356,2.2025450000000264,7.0,8.780780780780672,33.16212499999998,70000.0,25200.0,0.0,40683.16690442231,2357.9457364341033,7.0,0.0,66725.01036040984,,3
ba11cc40,4030,20.0,432,2450,140.0,17.0,40.0,106.5,361.0,1.0270000000000001,,72200.0,Medium,0.212,0.71,330,0.36,230.0,1290,21.181765428844855,23.149145335341576,156.9115,407.87602499999986,257220.57625,292.9464875000001,33.0,0.4589789303079408,0.25912882096070033,0.77,0.33,3.5105211267605356,2.2025450000000264,8.0,8.780780780780672,33.16212499999998,96400.0,191500.0,0.0,40683.16690442231,2357.9457364341033,14.0,9.332857142857154,32481.932258306606,,1
1492c8ae,8470,5.9,128,3900,227.0,19.0,70.0,10.9,653.0,1.05,,33700.0,Very Strong,0.21899999999999997,0.55,1180,0.27,780.0,100,26.780692736175645,32.27607194232451,156.9115,407.87602499999986,257220.57625,292.9464875000001,53.0,0.4589789303079408,0.25912882096070033,0.8457892857142872,0.34043012912482085,3.5105211267605356,2.2025450000000264,8.0,9.0,33.16212499999998,11000.0,78800.0,0.0,40683.16690442231,2357.9457364341033,4.0,0.0,124706.07321988644,,4
133ecd98,9920,14.3,232,4740,226.0,24.6,70.0,38.24694148936168,441.0,1.051,,9600.0,Very Strong,0.24,0.79,1790,0.188,1140.0,630,39.57001540062042,42.04169092483692,156.9115,407.87602499999986,257220.57625,292.9464875000001,3072.1133879781437,0.4589789303079408,0.25912882096070033,0.8457892857142872,0.45,3.5105211267605356,2.2025450000000264,5.7838827838827855,8.780780780780672,33.16212499999998,63000.0,262000.0,0.0,40683.16690442231,2357.9457364341033,4.0,0.0,127519.37224733266,,4
50eefc8b,3290,14.3,167,1570,143.0,27.2,190.0,5.1,1448.0,1.1261752223634045,,106000.0,Medium,0.128,0.51,140,0.40399999999999997,70.0,120,20.4033531425979,25.40388482538766,156.9115,407.87602499999986,257220.57625,292.9464875000001,188.0,0.4589789303079408,0.2782,0.8457892857142872,0.3672,3.5105211267605356,2.2,1.0,8.780780780780672,33.16212499999998,11000.0,18000.0,0.0,40683.16690442231,2357.9457364341033,17.0,8.0,49129.34555905403,,1
fe6df865,1540,10.5,106,1200,100.0,21.3,90.0,23.9,502.0,1.03,,107700.0,,0.14300000000000002,0.72,150,0.414,423.3383010432194,100,14.92905839496989,19.150719138291386,156.9115,407.87602499999986,257220.57625,292.9464875000001,68.0,0.4589789303079408,0.25912882096070033,0.9084,0.28,3.5105211267605356,2.2025450000000264,1.0,2.0,33.16212499999998,10000.0,23400.0,0.0,40683.16690442231,2357.9457364341033,17.0,9.0,49129.34555905403,,0
f9c1fd53,5500,16.4,177,3080,165.0,28.7,180.0,3.6,891.0,1.1261752223634045,,63700.0,Medium,0.198,0.61,210,0.302,160.0,400,22.198526328868716,29.08367302837052,156.9115,407.87602499999986,257220.57625,292.9464875000001,129.0,0.4589789303079408,0.268,0.65,0.5596,2.4,2.2025450000000264,5.7838827838827855,8.780780780780672,33.16212499999998,41000.0,3000.0,0.0,40683.16690442231,2357.9457364341033,17.0,0.0,28553.340538591143,,1
e829e3e7,9810,26.5,315,4760,221.0,18.8,90.0,9.7,772.0,1.054,,31400.0,Strong,0.258,0.79,1150,0.255,800.0,1550,29.135984483003735,33.213884778958864,156.9115,407.87602499999986,257220.57625,292.9464875000001,65.0,0.4589789303079408,0.25,0.8457892857142872,0.2017,3.5105211267605356,3.222,5.7838827838827855,8.780780780780672,33.16212499999998,139000.0,226800.0,25.67164179104483,40683.16690442231,2357.9457364341033,5.0,9.332857142857154,86214.47425272432,,3
e0ddecbd,1630,32.8,104,1290,133.0,24.3,130.0,12.5,1588.1898395721917,1.05,,116800.0,Medium,0.105,0.68,250,0.436,110.0,210,16.78989561539013,21.881822344623,156.9115,407.87602499999986,257220.57625,292.9464875000001,483.0,0.4589789303079408,0.25912882096070033,0.7008,0.17,3.5105211267605356,3.055,2.0,2.0,33.16212499999998,16000.0,300.0,25.67164179104483,40683.16690442231,2357.9457364341033,21.0,0.0,24556.996792436777,,1
e771e98b,6840,11.3,111,3510,183.0,15.4,20.0,69.2,152.0,1.03,,25100.0,Very Strong,0.262,0.67,1610,0.266,1000.0,240,23.89063913793124,29.142188244902314,156.9115,407.87602499999986,257220.57625,292.9464875000001,13.0,0.4589789303079408,0.25912882096070033,0.91,0.4353,3.3,2.2025450000000264,9.0,11.0,33.16212499999998,25000.0,103200.0,0.0,40683.16690442231,2357.9457364341033,5.0,1.0,49129.34555905403,,4
d699f316,7020,8.8,156,3010,205.0,45.1,900.0,0.3,2804.0,1.3548,,45300.0,,0.158,0.44,230,0.22399999999999998,180.0,90,31.564781347907445,40.55068425947535,156.9115,407.87602499999986,257220.57625,292.9464875000001,1556.0,0.4589789303079408,0.25912882096070033,0.8457892857142872,0.2,3.5105211267605356,2.2025450000000264,5.7838827838827855,8.780780780780672,33.16212499999998,10000.0,700.0,0.0,40683.16690442231,2357.9457364341033,6.0,0.0,49129.34555905403,,0
6106e616,4260,19.7,420,2520,139.0,31.9,160.0,3.8,764.0,1.054,,69500.0,Medium,0.18899999999999997,0.38,160,0.314,110.0,490,26.320861680504503,31.118490889890367,156.9115,407.87602499999986,257220.57625,292.9464875000001,122.0,0.4589789303079408,0.2746,0.841,0.5,3.5105211267605356,2.2025450000000264,2.0,8.780780780780672,33.16212499999998,55000.0,70100.0,0.0,40683.16690442231,2357.9457364341033,19.0,12.0,24033.546912625712,,1
9fba99a5,6340,19.9,380,3350,176.0,45.1,330.0,38.24694148936168,1141.0,1.11,,35800.0,Medium,0.221,0.56,190,0.21100000000000002,170.0,930,31.39183545179777,39.6998483600907,156.9115,407.87602499999986,257220.57625,292.9464875000001,267.0,0.4589789303079408,0.23600000000000002,0.8643,0.2,3.5105211267605356,2.2025450000000264,3.0,8.780780780780672,33.16212499999998,75000.0,0.0,0.0,40683.16690442231,2357.9457364341033,20.0,0.0,23735.276780720742,,1
810a8d7d,6010,19.7,315,3650,157.0,26.2,140.0,4.8,753.0,1.0529,,49200.0,Weak,0.183,0.52,200,0.27399999999999997,120.0,610,28.792717039480983,35.06659507735364,156.9115,407.87602499999986,257220.57625,292.9464875000001,104.0,0.4589789303079408,0.29,0.851,0.2067,3.5105211267605356,2.2025450000000264,4.0,8.780780780780672,33.16212499999998,75000.0,62700.0,0.0,40683.16690442231,2357.9457364341033,9.0,5.0,52733.08511609794,,5
277d86c9,4990,12.6,298,2840,165.0,31.6,240.0,2.6,1172.0,1.081,,70000.0,Medium,0.155,0.77,160,0.314,423.3383010432194,440,25.887647888633794,31.59778280764943,156.9115,407.87602499999986,257220.57625,292.9464875000001,180.0,0.4589789303079408,0.27699999999999997,0.8,0.327,3.5105211267605356,1.528,5.7838827838827855,8.780780780780672,33.16212499999998,46100.0,48700.0,0.0,40683.16690442231,2357.9457364341033,9.0,5.0,50372.47586505837,,1
077d82e0,2450,17.4,381,1500,139.0,44.9,340.0,0.7,1363.0,1.1462,,66500.0,Medium,0.125,0.72,110,0.267,423.3383010432194,700,34.23863773501715,38.159453468514805,156.9115,407.87602499999986,257220.57625,292.9464875000001,338.0,0.4589789303079408,0.25912882096070033,0.9912,0.46,3.5105211267605356,2.2025450000000264,2.0,8.780780780780672,33.16212499999998,55000.0,102300.0,0.0,40683.16690442231,2357.9457364341033,35.0,16.0,49129.34555905403,,1
00d187d6,4920,22.8,272,2120,165.0,13.8,110.0,38.1,1293.0,1.055,,99800.0,Strong,0.154,0.72,560,0.415,423.3383010432194,640,19.040056896592183,22.355727523887943,156.9115,407.87602499999986,257220.57625,292.9464875000001,86.0,0.4589789303079408,0.2755,0.9279999999999999,0.42,3.5105211267605356,2.77,8.0,8.780780780780672,33.16212499999998,52000.0,120400.0,25.67164179104483,40683.16690442231,2357.9457364341033,11.0,4.0,49129.34555905403,,3
19cd9638,7110,22.0,203,3520,179.0,31.6,340.0,1.3,1494.0,1.1185,,61000.0,Medium,0.20800000000000002,0.51,230,0.28300000000000003,210.0,460,24.36131179616409,32.277376714823504,156.9115,407.87602499999986,257220.57625,292.9464875000001,432.0,0.4589789303079408,0.25912882096070033,0.9079999999999999,0.26,3.5105211267605356,2.2025450000000264,2.0,8.780780780780672,33.16212499999998,45000.0,400.0,0.0,40683.16690442231,2357.9457364341033,11.0,0.0,46630.4554861658,,1
b81698ba,8490,20.6,353,4550,188.0,28.5,300.0,1.9,1558.0,1.11,,62233.24099722996,Medium,0.20199999999999999,0.74,240,0.265,180.0,930,21.324384581237545,30.94523474039604,156.9115,407.87602499999986,257220.57625,292.9464875000001,220.0,0.4589789303079408,0.258,0.8457892857142872,0.4623,3.5105211267605356,2.2025450000000264,5.7838827838827855,8.0,33.16212499999998,112000.0,4800.0,0.0,40683.16690442231,2357.9457364341033,10.0,0.0,50305.82095249265,,1
7a1da302,4480,18.7,220,2880,154.0,24.6,90.0,12.8,525.0,1.04,,63100.0,,0.191,0.69,200,0.3003919270833331,130.0,440,21.843182961093795,26.279737247729464,156.9115,407.87602499999986,257220.57625,292.9464875000001,69.0,0.4589789303079408,0.25912882096070033,0.86,0.3356,3.5105211267605356,2.2025450000000264,2.0,8.780780780780672,33.16212499999998,37000.0,67100.0,0.0,40683.16690442231,2357.9457364341033,18.0,7.0,23490.44164512888,,0
dc6aa8b6,11950,16.0,266,5990,239.0,26.2,190.0,1.7,1140.0,1.089,,3800.0,Very Strong,0.299,0.65,1090,0.157,1190.0,1080,40.55253838242174,44.70941904536697,156.9115,407.87602499999986,257220.57625,292.9464875000001,146.0,0.4589789303079408,0.21,0.8457892857142872,0.35600000000000004,3.5105211267605356,2.2025450000000264,5.7838827838827855,8.780780780780672,33.16212499999998,95000.0,235400.0,0.0,40683.16690442231,2357.9457364341033,18.025099075297234,0.0,85045.99963168614,,4
d49ea7ec,6470,18.3,369,3320,177.0,36.1,590.0,0.7,2993.0,1.1261752223634045,,92200.0,Weak,0.135,0.68,180,0.344,110.0,630,33.39045190714373,40.70298858955029,156.9115,407.87602499999986,257220.57625,292.9464875000001,5957.0,0.4589789303079408,0.2586,0.8457892857142872,0.38,3.5105211267605356,2.2025450000000264,4.0,8.780780780780672,33.16212499999998,48000.0,19600.0,100.0,40683.16690442231,2357.9457364341033,9.0,6.0,53254.011337948024,,5
5a1da72b,5950,17.0,317,2680,199.0,20.1,190.0,7.2,1570.0,1.0815,,80600.0,Strong,0.138,0.86,440,0.366,220.0,460,20.087846167241832,26.258918123511766,156.9115,407.87602499999986,257220.57625,292.9464875000001,290.0,0.4589789303079408,0.25912882096070033,0.8457892857142872,0.1759,3.5105211267605356,2.2025450000000264,9.0,19.0,33.16212499999998,36000.0,34500.0,0.0,40683.16690442231,2357.9457364341033,6.0,0.0,82644.62921594968,,3
4bf5b99f,5160,11.1,182,2980,135.0,31.1,170.0,2.8,740.0,1.0582,,56900.0,Weak,0.19899999999999998,0.71,190,0.282,130.0,230,31.433286948524927,37.27296907877492,156.9115,407.87602499999986,257220.57625,292.9464875000001,127.0,0.4589789303079408,0.27,0.914,0.5765,3.5105211267605356,2.2025450000000264,3.0,3.0,33.16212499999998,20000.0,27800.0,0.0,40683.16690442231,2357.9457364341033,18.025099075297234,9.332857142857154,49129.34555905403,,5
4c59bca9,4730,33.4,97,2150,183.0,29.0,130.0,2.7,656.0,1.06,,51800.0,Medium,0.16399999999999998,0.75,430,0.28800000000000003,280.0,430,20.201174957367165,26.717132735828717,156.9115,407.87602499999986,257220.57625,292.9464875000001,98.0,0.4589789303079408,0.25912882096070033,0.9079,0.34043012912482085,3.5105211267605356,2.2025450000000264,2.0,4.0,33.16212499999998,39800.0,1000.0,0.0,40683.16690442231,2357.9457364341033,14.0,0.0,49129.34555905403,,1
c4d34160,9090,30.1,453,4280,231.0,45.9,1060.0,0.2,3871.0,1.57,,36700.0,Medium,0.20199999999999999,0.67,210,0.193,190.0,2310,22.6064554780031,38.02457042200296,156.9115,407.87602499999986,257220.57625,292.9464875000001,6609.0,0.4589789303079408,0.1957,0.8457892857142872,0.28,3.5105211267605356,2.826,5.7838827838827855,6.0,33.16212499999998,262000.0,0.0,25.67164179104483,40683.16690442231,2357.9457364341033,15.0,3.0,49129.34555905403,,1
c85d4997,6510,20.5,52,4020,148.0,21.0,347.54914809960695,14.2,820.0,1.046,,62300.0,Weak,0.218,0.72,200,0.311,130.0,190,26.391335882711175,33.690016413880514,156.9115,407.87602499999986,257220.57625,292.9464875000001,89.0,0.4589789303079408,0.29100000000000004,0.8457892857142872,0.23,3.5105211267605356,2.2025450000000264,1.0,1.0,33.16212499999998,14000.0,18400.0,0.0,40683.16690442231,2357.9457364341033,12.0,8.0,35266.30907038052,,5
cc274e3a,1810,43.8,92,1080,124.0,36.9,347.54914809960695,2.9,233.0,1.03,,58500.0,Medium,0.17,0.67,260,0.295,170.0,400,22.5017017181177,28.978709252189155,156.9115,407.87602499999986,257220.57625,292.9464875000001,117.0,0.4589789303079408,0.25912882096070033,0.922,0.26,3.5105211267605356,2.2025450000000264,5.7838827838827855,2.0,33.16212499999998,48000.0,100.0,25.67164179104483,40683.16690442231,2357.9457364341033,177.0,0.0,49129.34555905403,,1
ddcf508e,2650,32.8,266,2860,125.0,23.4,340.0,8.8,2588.0,1.089,,120800.0,Weak,0.115,0.72,90,0.43700000000000006,40.0,540,22.536899390568024,30.380853160060347,156.9115,407.87602499999986,257220.57625,292.9464875000001,342.0,0.4589789303079408,0.3064,0.8457892857142872,0.26,3.5105211267605356,2.2025450000000264,5.7838827838827855,8.780780780780672,33.16212499999998,51000.0,100.0,0.0,40683.16690442231,2357.9457364341033,42.0,38.0,11276.31853470188,,5
62a44ad4,2010,32.9,326,1250,114.0,24.5,160.0,9.8,831.0,1.05,,106700.0,Weak,0.141,0.62,130,0.409,423.3383010432194,800,26.917761690377308,29.578531380250972,156.9115,407.87602499999986,257220.57625,292.9464875000001,117.0,0.4589789303079408,0.25912882096070033,0.8340000000000001,0.37,3.5105211267605356,2.2025450000000264,2.0,3.0,33.16212499999998,64000.0,126900.0,25.67164179104483,40683.16690442231,2357.9457364341033,18.025099075297234,27.0,12558.57268512258,,5
65084fe2,11300,27.8,83,5750,243.0,19.1,80.0,8.1,734.0,1.0553,,11500.0,Strong,0.278,0.51,1080,0.192,970.0,340,26.83749699341005,34.40473673451492,156.9115,407.87602499999986,257220.57625,292.9464875000001,60.0,0.4589789303079408,0.2518,0.81,0.34043012912482085,3.5105211267605356,2.2025450000000264,5.7838827838827855,8.780780780780672,33.16212499999998,37000.0,53900.0,0.0,40683.16690442231,2357.9457364341033,6.0,0.0,76838.3820770192,,3
6e2a4223,2210,38.6,251,1080,138.0,43.2,170.0,1.5,570.0,1.057,,64900.0,Medium,0.155,0.59,310,0.299,210.0,920,24.589038825339326,31.579168456091708,156.9115,407.87602499999986,257220.57625,292.9464875000001,410.0,0.4589789303079408,0.242,0.8457892857142872,0.34043012912482085,3.5105211267605356,2.2025450000000264,5.7838827838827855,8.780780780780672,33.16212499999998,90000.0,100.0,0.0,40683.16690442231,2357.9457364341033,50.0,0.0,9197.948423338703,,1
69864715,6840,20.0,141,3940,155.0,18.6,120.0,31.0,1020.0,1.05,,76700.0,Medium,0.23,0.7,250,0.35200000000000004,200.0,390,18.783343254410532,25.360879255734787,156.9115,407.87602499999986,257220.57625,292.9464875000001,86.0,0.4589789303079408,0.28,0.8,0.49,3.5105211267605356,2.2025450000000264,5.7838827838827855,3.0,33.16212499999998,34000.0,19300.0,0.0,40683.16690442231,2357.9457364341033,10.0,0.0,47351.215386978,,1
734c5460,11040,29.1,308,5280,251.0,17.7,30.0,10.8,268.0,1.043,,7500.0,Very Strong,0.29600000000000004,0.81,4050,0.187,3640.0,2220,80.29996111777271,61.60177099826765,156.9115,407.87602499999986,257220.57625,292.9464875000001,24.0,0.4589789303079408,0.22,0.848,0.3112,3.5105211267605356,2.2025450000000264,5.7838827838827855,8.780780780780672,33.16212499999998,264100.0,1247000.0,0.0,40683.16690442231,2357.9457364341033,4.0,1.0,125936.0294170052,,4
709a56fb,10640,25.6,167,5400,227.0,18.9,347.54914809960695,9.2,1015.0,1.1261752223634045,,32400.0,Strong,0.282,0.69,800,0.248,680.0,920,23.65937831217547,32.51373999360097,156.9115,407.87602499999986,257220.57625,292.9464875000001,82.0,0.4589789303079408,0.25912882096070033,0.9444,0.204,3.5105211267605356,2.2025450000000264,5.7838827838827855,8.780780780780672,33.16212499999998,83000.0,62122.82321899733,0.0,40683.16690442231,2357.9457364341033,8.0,0.0,49129.34555905403,,3
586e5d88,2050,22.4,249,2260,130.0,34.7,380.0,2.7,2065.0,1.08,,118300.0,,0.115,0.83,150,0.42700000000000005,90.0,380,27.04030043615311,31.947633391632564,156.9115,407.87602499999986,257220.57625,292.9464875000001,3072.1133879781437,0.4589789303079408,0.25912882096070033,0.8457892857142872,0.327,3.5105211267605356,2.2025450000000264,2.0,8.780780780780672,33.16212499999998,43000.0,80000.0,0.0,40683.16690442231,2357.9457364341033,26.0,12.0,17512.16262246218,,0
e85d4dbe,10370,19.5,435,5660,195.0,36.9,420.0,0.9,1711.0,1.15,,25500.0,Weak,0.255,0.37,130,0.191,110.0,820,41.426147687432234,48.64159853347347,156.9115,407.87602499999986,257220.57625,292.9464875000001,318.0,0.4589789303079408,0.254,0.77,0.39399999999999996,3.5105211267605356,2.2025450000000264,1.0,8.780780780780672,33.16212499999998,78000.0,90800.0,25.67164179104483,40683.16690442231,2357.9457364341033,30.0,10.0,16671.605828187894,,5
e0a942e4,4270,4.7,416,6250,137.0,23.8,347.54914809960695,4.3,5687.0,1.1591,,122700.0,None,0.107,0.57,50,0.44,30.0,90,27.36866108664526,34.96821745297049,156.9115,407.87602499999986,257220.57625,292.9464875000001,963.0,0.4589789303079408,0.304,0.8457892857142872,0.401,3.5105211267605356,1.514,1.0,2.0,33.16212499999998,11000.0,27200.0,0.0,40683.16690442231,2357.9457364341033,9.0,5.0,49027.86701103905,,0
9a656630,6130,20.7,416,3000,173.0,21.1,130.0,12.2,1104.0,1.058,,75400.0,Medium,0.18899999999999997,0.72,410,0.353,260.0,1150,15.22289128622696,22.764255965142013,156.9115,407.87602499999986,257220.57625,292.9464875000001,100.0,0.4589789303079408,0.2669,0.8190000000000001,0.18600000000000003,3.5105211267605356,2.2025450000000264,10.0,8.780780780780672,33.16212499999998,86000.0,15600.0,0.0,40683.16690442231,2357.9457364341033,9.0,0.0,49129.34555905403,,1
885b7a1f,8660,35.2,426,4310,202.0,36.9,450.0,0.8,1798.0,1.1611,,47000.0,Medium,0.235,0.4,230,0.24,190.0,1240,25.682176007529552,35.66777557571048,156.9115,407.87602499999986,257220.57625,292.9464875000001,341.0,0.4589789303079408,0.22699999999999998,0.8457892857142872,0.34043012912482085,3.2680000000000002,2.2025450000000264,3.0,8.780780780780672,33.16212499999998,118200.0,600.0,25.67164179104483,40683.16690442231,2357.9457364341033,17.0,0.0,26296.428001800086,,1
8ff77f29,11850,7.4,405,5940,251.0,32.1,320.0,0.8,1558.0,1.13,,5000.0,Strong,0.285,0.55,860,0.159,790.0,550,43.54294387143757,47.73107043460872,156.9115,407.87602499999986,257220.57625,292.9464875000001,244.0,0.4589789303079408,0.25912882096070033,0.94,0.3,3.5105211267605356,1.96,19.0,8.780780780780672,33.16212499999998,56000.0,209100.0,0.0,40683.16690442231,2357.9457364341033,4.0,0.0,123240.63488450627,,3
aff77b00,10390,27.0,151,4980,245.0,22.2,110.0,38.24694148936168,795.0,1.062,,22500.0,Very Strong,0.27399999999999997,0.51,1260,0.3003919270833331,423.3383010432194,610,28.951897475240354,36.0402335416453,156.9115,407.87602499999986,257220.57625,292.9464875000001,83.0,0.4589789303079408,0.23,0.8457892857142872,0.2443,3.147,2.2025450000000264,7.0,8.780780780780672,33.16212499999998,64000.0,90300.0,0.0,40683.16690442231,2357.9457364341033,6.0,0.0,82265.7835384336,,4
ac21799b,11930,14.8,256,5980,238.0,25.3,100.0,2.6,668.0,1.0631,,2000.0,Strong,0.297,0.58,1650,0.154,1480.0,710,48.03491071125201,47.49402850405308,156.9115,407.87602499999986,257220.57625,292.9464875000001,77.0,0.4589789303079408,0.22,0.8457892857142872,0.519,3.5105211267605356,2.2025450000000264,5.7838827838827855,30.0,33.16212499999998,74000.0,381700.0,25.67164179104483,40683.16690442231,2357.9457364341033,4.0,0.0,116579.32330227195,,3
b9b36082,3090,19.2,295,3580,138.0,15.6,270.0,59.7,3263.0,1.058,,123100.0,Weak,0.109,0.56,190,0.447,80.0,220,20.93438198112807,28.037157256792998,156.9115,407.87602499999986,257220.57625,292.9464875000001,266.0,0.4589789303079408,0.25912882096070033,0.8457892857142872,0.25,3.5105211267605356,2.2025450000000264,2.0,8.780780780780672,33.16212499999998,18000.0,0.0,25.67164179104483,40683.16690442231,2357.9457364341033,16.0,9.0,49129.34555905403,,5
b6eb6aee,3540,26.1,124,1780,138.0,23.9,180.0,9.0,1634.0,1.08,,108800.0,Weak,0.12300000000000001,0.38,140,0.3003919270833331,60.0,120,23.984761803383783,29.099140403829942,156.9115,407.87602499999986,257220.57625,292.9464875000001,180.0,0.4589789303079408,0.25912882096070033,0.8457892857142872,0.4345,3.5105211267605356,1.9,1.0,1.0,33.16212499999998,13000.0,16900.0,25.67164179104483,40683.16690442231,2357.9457364341033,18.025099075297234,12.0,26553.11495638161,,5
02a27d75,2780,17.7,122,4450,147.0,42.9,1220.0,0.7,4057.0,1.1692,,106300.0,Weak,0.11900000000000001,0.5,80,0.353,423.3383010432194,100,40.378638657789324,50.985125537458316,156.9115,407.87602499999986,257220.57625,292.9464875000001,1224.0,0.4589789303079408,0.24,0.8457892857142872,0.36,3.5105211267605356,2.49,5.7838827838827855,8.780780780780672,33.16212499999998,9000.0,18400.0,0.0,40683.16690442231,2357.9457364341033,41.0,20.0,11064.182697397107,,5
1bbe6c9b,10010,22.0,52,4800,241.0,39.4,670.0,0.4,2417.0,1.2498,,34200.0,Strong,0.24100000000000002,0.6,320,0.20800000000000002,310.0,210,35.695988773762785,45.16168197756854,156.9115,407.87602499999986,257220.57625,292.9464875000001,825.0,0.4589789303079408,0.2087,0.8361,0.26,3.5105211267605356,2.4819999999999998,1.0,1.0,33.16212499999998,17000.0,800.0,0.0,40683.16690442231,2357.9457364341033,9.0,0.0,49129.34555905403,,3
fc1e02c6,9930,23.6,141,5280,217.0,24.6,347.54914809960695,9.2,703.0,1.05,,27800.0,Strong,0.278,0.54,500,0.23199999999999998,430.0,620,26.71627958784216,35.61173835683723,156.9115,407.87602499999986,257220.57625,292.9464875000001,67.0,0.4589789303079408,0.26,0.97,0.34043012912482085,3.5105211267605356,2.2025450000000264,4.0,4.0,33.16212499999998,57000.0,25100.0,0.0,40683.16690442231,2357.9457364341033,8.0,0.0,61581.53909771281,,3
56e70185,11020,10.2,160,5390,254.0,35.7,320.0,0.7,1381.0,1.127,,11500.0,Very Strong,0.254,0.68,770,0.17300000000000001,720.0,270,36.98564196306481,45.563498403627214,156.9115,407.87602499999986,257220.57625,292.9464875000001,239.0,0.4589789303079408,0.213,0.8457892857142872,0.34043012912482085,3.5105211267605356,2.325,7.0,8.780780780780672,33.16212499999998,23000.0,20500.0,0.0,40683.16690442231,2357.9457364341033,4.0,0.0,106554.66194087641,,4
59bf0be9,7640,5.9,89,4710,172.0,33.4,270.0,1.5,1083.0,1.089,,38000.0,Weak,0.222,0.61,110,0.221,423.3383010432194,70,35.87498439096938,43.32580471785125,156.9115,407.87602499999986,257220.57625,292.9464875000001,202.0,0.4589789303079408,0.2735,0.88,0.35,3.5105211267605356,2.2025450000000264,1.0,1.0,33.16212499999998,6000.0,2100.0,0.0,40683.16690442231,2357.9457364341033,18.025099075297234,5.0,61651.872490136884,,5
5a690972,5870,17.8,93,3100,175.0,15.3,30.0,90.2,370.0,1.03,,52800.0,Strong,0.20199999999999999,0.55,860,0.336,470.0,160,18.58149136929359,24.581698918519372,156.9115,407.87602499999986,257220.57625,292.9464875000001,25.0,0.4589789303079408,0.25912882096070033,0.7932,0.17800000000000002,3.5105211267605356,2.2025450000000264,5.7838827838827855,8.780780780780672,33.16212499999998,15000.0,29400.0,0.0,40683.16690442231,2357.9457364341033,5.0,1.0,86798.94738069735,,3
40a31a07,3320,28.3,418,1730,149.0,24.6,140.0,6.2,761.0,1.051,,82200.0,Medium,0.151,0.63,250,0.358,130.0,990,14.799084779043548,21.63661307096434,156.9115,407.87602499999986,257220.57625,292.9464875000001,259.0,0.4589789303079408,0.2763,0.8457892857142872,0.447,3.5105211267605356,2.2025450000000264,6.0,8.780780780780672,33.16212499999998,71000.0,100.0,0.0,40683.16690442231,2357.9457364341033,17.0,0.0,27332.53045940073,,1
4375189c,10240,23.4,140,4770,223.0,30.9,590.0,0.8,2898.0,1.224,,53400.0,Very Strong,0.20600000000000002,0.54,480,0.27,370.0,340,31.879376903233357,40.99003034790092,156.9115,407.87602499999986,257220.57625,292.9464875000001,3072.1133879781437,0.4589789303079408,0.25912882096070033,0.953,0.5566,4.453,2.2025450000000264,3.0,4.0,33.16212499999998,28000.0,20600.0,0.0,40683.16690442231,2357.9457364341033,7.0,9.332857142857154,72583.82480934463,,4
44d91daa,5180,23.2,192,2430,173.0,17.6,40.0,29.6,307.0,1.0329,,42300.0,Very Strong,0.2,0.57,1050,0.303,590.0,500,20.89382361993028,26.07712423531821,156.9115,407.87602499999986,257220.57625,292.9464875000001,27.0,0.4589789303079408,0.2778,0.8627,0.43,3.5105211267605356,2.2025450000000264,5.7838827838827855,12.0,33.16212499999998,59000.0,89700.0,0.0,40683.16690442231,2357.9457364341033,6.0,2.0,83566.5821880335,,4
6c2d16d9,3010,32.4,375,1550,161.0,22.1,150.0,38.24694148936168,1412.0,1.0735,,106500.0,Strong,0.11199999999999999,0.7,420,0.418,423.3383010432194,690,15.1589271507389,22.27318674408617,156.9115,407.87602499999986,257220.57625,292.9464875000001,142.0,0.4589789303079408,0.2574,0.9520000000000001,0.3108,3.5105211267605356,2.2025450000000264,5.7838827838827855,8.780780780780672,33.16212499999998,79000.0,6900.0,0.0,40683.16690442231,2357.9457364341033,14.0,0.0,32393.99891698392,,3
c6d4159a,9210,14.9,50,7470,212.0,45.5,2500.0,0.2,6781.0,1.6855,,48300.0,Weak,0.233,0.74,190,0.3003919270833331,423.3383010432194,150,45.35923103919403,62.17039785022813,156.9115,407.87602499999986,257220.57625,292.9464875000001,31517.0,0.4589789303079408,0.25912882096070033,0.8457892857142872,0.23,3.5105211267605356,2.2025450000000264,5.7838827838827855,8.780780780780672,33.16212499999998,14000.0,1300.0,100.0,40683.16690442231,2357.9457364341033,10.0,9.332857142857154,41936.33529350627,,5
c2ae1237,11750,40.4,244,5760,237.0,22.1,110.0,4.4,896.0,1.0657,,8300.0,Very Strong,0.294,0.44,3020,0.18,3140.0,1340,36.74550312659135,42.2711772256699,156.9115,407.87602499999986,257220.57625,292.9464875000001,82.0,0.4589789303079408,0.20199999999999999,0.754,0.34043012912482085,3.5105211267605356,1.88,17.0,33.0,33.16212499999998,109000.0,267700.0,0.0,40683.16690442231,2357.9457364341033,5.0,0.0,92742.10352421623,,4
dbb203d9,5980,18.0,344,3050,187.0,31.1,50.0,3.1,203.0,1.03,,18100.0,Strong,0.258,0.69,730,0.204,550.0,1020,26.93122585316171,33.415685174980915,156.9115,407.87602499999986,257220.57625,292.9464875000001,38.0,0.4589789303079408,0.2513,0.703,0.38,3.5105211267605356,2.2025450000000264,11.0,8.780780780780672,33.16212499999998,85000.0,57300.0,0.0,40683.16690442231,2357.9457364341033,8.0,0.0,63027.3868129254,,3
1e153d57,4130,24.6,174,5010,151.0,37.9,347.54914809960695,0.8,4531.0,1.2226,,114800.0,Weak,0.111,0.67,80,0.3003919270833331,50.0,260,40.204564819123476,46.727816804349345,156.9115,407.87602499999986,257220.57625,292.9464875000001,17711.0,0.4589789303079408,0.26,0.701,0.22,3.5105211267605356,1.85,1.0,1.0,33.16212499999998,29000.0,24500.0,100.0,40683.16690442231,2357.9457364341033,25.0,24.0,16763.93724937504,,5
1a6f3afa,8080,36.7,47,5230,197.0,42.6,1220.0,38.24694148936168,4748.0,1.5619999999999998,,62233.24099722996,Weak,0.121,0.74,140,0.294,90.0,140,40.60763727893625,52.285168022658155,156.9115,407.87602499999986,257220.57625,292.9464875000001,4963.0,0.4589789303079408,0.2527,0.9326,0.4796,3.5105211267605356,2.2025450000000264,0.0,8.780780780780672,33.16212499999998,12000.0,0.0,0.0,40683.16690442231,2357.9457364341033,19.0,15.0,25988.411622601987,,5
15373096,2180,12.2,122,1180,126.0,38.0,347.54914809960695,1.2,747.0,1.0759999999999998,,65400.0,Medium,0.146,0.77,160,0.285,423.3383010432194,140,25.372998618130048,31.259143716803035,156.9115,407.87602499999986,257220.57625,292.9464875000001,604.0,0.4589789303079408,0.2506,0.8078,0.34043012912482085,3.5105211267605356,2.296,5.7838827838827855,2.0,33.16212499999998,10000.0,0.0,0.0,40683.16690442231,2357.9457364341033,16.0,0.0,30005.377298499297,,1
a6d2223b,9090,24.8,350,5300,180.0,19.1,80.0,22.8,597.0,1.04,,35700.0,Medium,0.27399999999999997,0.56,280,0.251,190.0,1500,26.7784809299587,31.19173866309488,156.9115,407.87602499999986,257220.57625,292.9464875000001,57.0,0.4589789303079408,0.25912882096070033,0.897,0.466,3.5105211267605356,2.2025450000000264,5.0,8.780780780780672,33.16212499999998,115000.0,173900.0,0.0,40683.16690442231,2357.9457364341033,12.0,9.332857142857154,40044.25912802835,,1
a98a2857,4500,22.7,154,2510,142.0,35.9,410.0,1.1,1588.1898395721917,1.13,,73700.0,Weak,0.187,0.52,110,0.295,90.0,320,32.47048423675194,39.196337545030055,156.9115,407.87602499999986,257220.57625,292.9464875000001,308.0,0.4589789303079408,0.25912882096070033,0.8457892857142872,0.369,3.5105211267605356,2.2025450000000264,5.7838827838827855,8.780780780780672,33.16212499999998,28000.0,23400.0,0.0,40683.16690442231,2357.9457364341033,28.0,20.0,15780.1566809183,,5
b86236e3,10920,16.0,310,5620,205.0,37.1,250.0,0.8,1588.1898395721917,1.099,,10100.0,Medium,0.29100000000000004,0.645359394703657,400,0.165,423.3383010432194,550,33.05222666785025,41.452348453784616,156.9115,407.87602499999986,257220.57625,292.9464875000001,191.0,0.4589789303079408,0.22,0.89,0.3239,3.5105211267605356,2.2025450000000264,4.0,8.780780780780672,33.16212499999998,45000.0,4100.0,25.67164179104483,40683.16690442231,2357.9457364341033,6.0,9.332857142857154,49129.34555905403,,1
bc18314e,8800,26.9,227,3730,214.0,42.8,830.0,0.3,3384.0,1.435,,47700.0,Medium,0.159,0.66,220,0.225,170.0,580,30.796650604644885,40.63986957749733,156.9115,407.87602499999986,257220.57625,292.9464875000001,4418.0,0.4589789303079408,0.25912882096070033,0.8889,0.3543,3.5105211267605356,2.42,3.0,8.780780780780672,33.16212499999998,56000.0,0.0,25.67164179104483,40683.16690442231,2357.9457364341033,8.0,2.0,49129.34555905403,,1
93403f0b,3010,22.3,177,1860,122.0,19.3,70.0,39.4,548.0,1.0311,,87900.0,Medium,0.177,0.67,210,0.381,423.3383010432194,360,13.529336120554108,19.415443275146053,156.9115,407.87602499999986,257220.57625,292.9464875000001,54.0,0.4589789303079408,0.3,0.782,0.581,3.5105211267605356,2.289,2.0,3.0,33.16212499999998,39300.0,1600.0,0.0,40683.16690442231,2357.9457364341033,19.0,0.0,49129.34555905403,,1
986232ca,10900,10.4,105,5470,222.0,14.5,130.0,16.0,1837.0,1.071,,62100.0,Strong,0.231,0.5,950,0.34600000000000003,570.0,110,25.10113332136096,31.77599974288818,156.9115,407.87602499999986,257220.57625,292.9464875000001,97.0,0.4589789303079408,0.25912882096070033,0.93,0.265,3.5105211267605356,2.2025450000000264,3.0,5.0,33.16212499999998,10000.0,62122.82321899733,0.0,40683.16690442231,2357.9457364341033,5.0,1.0,101046.41495553078,,3
8e262948,6300,15.6,118,4630,127.0,25.5,280.0,7.2,1557.0,1.079,,90600.0,None,0.24,0.82,90,0.34600000000000003,80.0,300,24.3669270572534,31.149888387346248,156.9115,407.87602499999986,257220.57625,292.9464875000001,3072.1133879781437,0.4589789303079408,0.304,0.8669,0.47,3.5105211267605356,2.2025450000000264,1.0,1.0,33.16212499999998,30500.0,33300.0,0.0,40683.16690442231,2357.9457364341033,23.0,13.0,21105.530260633623,,0
86d22612,5340,12.2,434,2070,191.0,27.0,250.0,2.9,1525.0,1.1,,83900.0,Strong,0.158,0.62,440,0.36200000000000004,330.0,370,23.503260143820768,29.408771289991634,156.9115,407.87602499999986,257220.57625,292.9464875000001,187.0,0.4589789303079408,0.24,0.8457892857142872,0.37,3.5105211267605356,2.2025450000000264,5.7838827838827855,8.780780780780672,33.16212499999998,36000.0,39700.0,0.0,40683.16690442231,2357.9457364341033,6.0,0.0,84677.74159061664,,3
817e2324,10690,6.9,43,5320,221.0,15.4,30.0,19.2,1588.1898395721917,1.0406,,9900.0,Very Strong,0.29,0.75,2620,0.201,1900.0,60,25.681115801789943,33.840889888763165,156.9115,407.87602499999986,257220.57625,292.9464875000001,20.0,0.4589789303079408,0.249,0.8989,0.34043012912482085,3.5105211267605356,2.2025450000000264,7.0,9.0,33.16212499999998,7000.0,66300.0,0.0,40683.16690442231,2357.9457364341033,4.0,1.0,126844.12680619134,,4
329b3189,8810,11.2,91,4930,174.0,40.0,260.0,1.1,999.0,1.1261752223634045,,25100.0,Medium,0.261,0.71,180,0.19399999999999998,170.0,180,36.001274593408404,42.75969025513835,156.9115,407.87602499999986,257220.57625,292.9464875000001,192.0,0.4589789303079408,0.25912882096070033,0.68,0.34043012912482085,3.5105211267605356,2.2025450000000264,1.0,1.0,33.16212499999998,19000.0,20700.0,25.67164179104483,40683.16690442231,2357.9457364341033,11.0,6.0,42036.60505828024,,1
3e15397e,8240,19.6,71,3400,233.0,40.3,280.0,0.6,1050.0,1.11,,19200.0,Strong,0.223,0.67,780,0.18899999999999997,610.0,240,33.97307688383831,41.52229290676191,156.9115,407.87602499999986,257220.57625,292.9464875000001,207.0,0.4589789303079408,0.25912882096070033,0.8959999999999999,0.2,3.5105211267605356,2.2025450000000264,3.0,8.780780780780672,33.16212499999998,24000.0,13400.0,0.0,40683.16690442231,2357.9457364341033,7.0,0.0,62215.95116031406,,3
27092890,6770,19.1,336,3980,156.0,39.0,660.0,0.7,2133.0,1.219,,63700.0,Weak,0.237,0.49,160,0.252,130.0,690,37.54969106103041,45.632865139479286,156.9115,407.87602499999986,257220.57625,292.9464875000001,497.0,0.4589789303079408,0.24,0.6677,0.551,3.5105211267605356,2.2025450000000264,2.0,8.780780780780672,33.16212499999998,74400.0,72800.0,0.0,40683.16690442231,2357.9457364341033,20.0,9.332857142857154,25743.22092479415,,5
43a6f3b8,3490,25.3,465,2380,118.0,21.8,160.0,17.7,1029.0,1.05,,103100.0,Weak,0.203,0.72,190,0.397,140.0,1530,25.18172636911698,29.54771994314696,156.9115,407.87602499999986,257220.57625,292.9464875000001,119.0,0.4589789303079408,0.25912882096070033,0.8457892857142872,0.3333,3.5105211267605356,2.2025450000000264,5.0,6.0,33.16212499999998,130800.0,150900.0,0.0,40683.16690442231,2357.9457364341033,20.0,13.0,22538.107219283993,,5
440af68e,3390,16.0,44,1680,154.0,13.5,30.0,273.0,402.0,1.03,,92400.0,Strong,0.172,0.74,680,0.414,320.0,80,14.083438555461555,19.373940778511212,156.9115,407.87602499999986,257220.57625,292.9464875000001,26.0,0.4589789303079408,0.25912882096070033,0.95,0.317,3.5105211267605356,2.2025450000000264,5.7838827838827855,8.780780780780672,33.16212499999998,6000.0,14800.0,0.0,40683.16690442231,2357.9457364341033,8.0,3.0,53321.468083932996,,3
bdcb6dfa,5050,19.1,114,2510,167.0,33.0,200.0,1.6,885.0,1.074,,52400.0,Medium,0.16699999999999998,0.62,270,0.273,170.0,210,24.55549290931976,30.725565681789583,156.9115,407.87602499999986,257220.57625,292.9464875000001,200.0,0.4589789303079408,0.256,0.9317,0.231,3.5105211267605356,2.2025450000000264,2.0,2.0,33.16212499999998,26000.0,600.0,25.67164179104483,40683.16690442231,2357.9457364341033,12.0,0.0,35994.85943300533,,1
55e2e83a,9510,18.2,189,4690,226.0,34.2,347.54914809960695,0.7,1058.0,1.1045,,15100.0,Medium,0.23600000000000002,0.55,530,0.179,420.0,430,29.75327567934639,37.96754107288556,156.9115,407.87602499999986,257220.57625,292.9464875000001,199.0,0.4589789303079408,0.25912882096070033,0.64,0.43,3.813,2.2025450000000264,4.0,6.0,33.16212499999998,42000.0,22000.0,0.0,40683.16690442231,2357.9457364341033,6.0,0.0,80681.74420770665,,1
ba6768cc,7550,12.5,51,3720,188.0,12.1,20.0,95.7,1588.1898395721917,1.0322,,45700.0,Very Strong,0.243,0.74,1940,0.345,1050.0,110,20.474740424977096,27.02191479540037,156.9115,407.87602499999986,257220.57625,292.9464875000001,12.0,0.4589789303079408,0.25912882096070033,0.909,0.48200000000000004,3.5105211267605356,2.2025450000000264,6.0,7.0,33.16212499999998,11000.0,66700.0,0.0,40683.16690442231,2357.9457364341033,4.0,1.0,126007.52203204027,,4
5ec0e5fb,4710,25.7,145,3000,141.0,35.1,130.0,2.8,496.0,1.043,,50100.0,Weak,0.248,0.45,160,0.258,140.0,380,35.15408351254725,40.0834388575133,156.9115,407.87602499999986,257220.57625,292.9464875000001,97.0,0.4589789303079408,0.25912882096070033,0.93,0.45,3.5105211267605356,2.2025450000000264,1.0,1.0,33.16212499999998,28000.0,47500.0,25.67164179104483,40683.16690442231,2357.9457364341033,33.0,9.332857142857154,15182.549279078377,,5
ea89f260,5620,19.1,345,2650,186.0,17.2,160.0,15.6,1527.0,1.069,,90300.0,Medium,0.147,0.77,360,0.389,210.0,570,17.052232072458878,22.11574474266356,156.9115,407.87602499999986,257220.57625,292.9464875000001,122.0,0.4589789303079408,0.28,0.9841,0.391,3.5105211267605356,2.2025450000000264,6.0,10.0,33.16212499999998,44000.0,66900.0,0.0,40683.16690442231,2357.9457364341033,8.0,3.0,54366.96143626541,,1
09827a61,8220,25.7,237,3950,187.0,42.5,360.0,0.6,1588.1898395721917,1.13,,21100.0,Medium,0.254,0.645359394703657,350,0.182,320.0,810,31.289694231357906,40.012492005457915,156.9115,407.87602499999986,257220.57625,292.9464875000001,269.0,0.4589789303079408,0.212,0.7559999999999999,0.182,3.5105211267605356,1.58,5.7838827838827855,8.780780780780672,33.16212499999998,68000.0,2700.0,0.0,40683.16690442231,2357.9457364341033,14.0,0.0,49129.34555905403,,1
e607fa97,1970,6.3,329,1480,99.0,17.5,130.0,48.9,1361.0,1.0490000000000002,,62233.24099722996,Weak,0.135,0.72,90,0.441,423.3383010432194,140,19.555619369546562,24.31814909482783,156.9115,407.87602499999986,257220.57625,292.9464875000001,127.0,0.4589789303079408,0.25912882096070033,0.8335,0.34043012912482085,3.5105211267605356,2.2025450000000264,5.7838827838827855,8.780780780780672,33.16212499999998,16800.0,29300.0,0.0,40683.16690442231,2357.9457364341033,14.0,7.0,33434.286825744704,,5
0e2e7f57,11880,13.1,179,5920,252.0,20.0,80.0,6.4,1588.1898395721917,1.06,,3400.0,Very Strong,0.29,0.5,3690,0.16399999999999998,2740.0,330,39.71472882431784,43.92651407461839,156.9115,407.87602499999986,257220.57625,292.9464875000001,61.0,0.4589789303079408,0.2186,0.8457892857142872,0.4,3.5105211267605356,2.2025450000000264,5.7838827838827855,8.780780780780672,33.16212499999998,37000.0,277600.0,25.67164179104483,40683.16690442231,2357.9457364341033,4.0,0.0,116524.75411403865,,4
e27dfd3a,6730,20.42978177150193,99,4090,166.0,39.1,1110.0,0.5,3323.0,1.4,,81700.0,Weak,0.19,0.76,90,0.29100000000000004,80.0,250,36.45483334782958,46.047890859950584,156.9115,407.87602499999986,257220.57625,292.9464875000001,5937.0,0.4589789303079408,0.25912882096070033,0.904,0.34043012912482085,2.431,2.2025450000000264,0.0,8.780780780780672,33.16212499999998,19000.0,100.0,100.0,40683.16690442231,2357.9457364341033,21.0,15.0,22671.153898906363,,5
0df87dcc,10280,16.3,149,5230,214.0,15.5,20.0,38.5,207.0,1.04,,15900.0,,0.29100000000000004,0.63,2120,0.233,1740.0,480,28.432513748520073,31.611438356661996,156.9115,407.87602499999986,257220.57625,292.9464875000001,15.0,0.4589789303079408,0.2629,0.9792,0.48,3.5105211267605356,2.2025450000000264,15.0,8.780780780780672,33.16212499999998,45000.0,233500.0,0.0,40683.16690442231,2357.9457364341033,4.0,1.0,123704.42974151086,,0
13486914,8110,9.6,148,3810,206.0,32.1,430.0,0.9,1911.0,1.1583,,57100.0,Strong,0.201,0.62,290,0.273,240.0,200,29.212930294392017,37.20317206204154,156.9115,407.87602499999986,257220.57625,292.9464875000001,472.0,0.4589789303079408,0.23,0.85,0.36,2.137,2.2025450000000264,2.0,8.780780780780672,33.16212499999998,22000.0,5200.0,0.0,40683.16690442231,2357.9457364341033,7.0,0.0,68643.38004272847,,3
37326a90,4510,26.3,102,8280,143.0,41.4,2780.0,0.6,7543.0,1.2654,,118200.0,None,0.105,0.77,60,0.405,30.0,170,40.85866172382835,56.21910399381048,156.9115,407.87602499999986,257220.57625,292.9464875000001,3072.1133879781437,0.4589789303079408,0.252,0.8457892857142872,0.239,3.5105211267605356,1.702,5.7838827838827855,8.780780780780672,33.16212499999998,11000.0,46200.0,200.0,40683.16690442231,2357.9457364341033,44.0,26.0,10034.516050274728,,0
db61e8fd,2740,34.0,91,1480,121.0,20.3,70.0,27.0,474.0,1.0318,,62233.24099722996,Medium,0.172,0.71,330,0.382,190.0,270,14.20194305539153,19.659478393827776,156.9115,407.87602499999986,257220.57625,292.9464875000001,52.0,0.4589789303079408,0.25912882096070033,0.7996,0.2252,3.5105211267605356,2.2025450000000264,2.0,2.0,33.16212499999998,20000.0,400.0,0.0,40683.16690442231,2357.9457364341033,18.0,0.0,24991.95675885421,,1
309e6fa6,4970,10.9,399,1920,191.0,41.7,410.0,0.4,1752.0,1.21,,48100.0,Medium,0.166,0.77,250,0.228,220.0,570,31.166323071437148,35.77176659788147,156.9115,407.87602499999986,257220.57625,292.9464875000001,1113.0,0.4589789303079408,0.20800000000000002,0.77,0.385,3.5105211267605356,2.2025450000000264,5.0,8.780780780780672,33.16212499999998,55200.0,62122.82321899733,100.0,40683.16690442231,2357.9457364341033,11.0,0.0,40675.896492239015,,1
3bbc6267,7960,20.8,110,4570,169.0,13.8,50.0,113.9,555.0,1.0349,,57000.0,Medium,0.244,0.7,450,0.33399999999999996,310.0,360,19.090065624815583,24.698364983011608,156.9115,407.87602499999986,257220.57625,292.9464875000001,35.0,0.4589789303079408,0.302,0.69,0.31,3.5105211267605356,2.2025450000000264,2.0,4.0,33.16212499999998,36000.0,55100.0,25.67164179104483,40683.16690442231,2357.9457364341033,10.0,4.0,49129.34555905403,,1
d395e7a7,1820,22.9,213,3780,131.0,40.3,940.0,1.0,3436.0,1.11,,114300.0,Weak,0.102,0.84,80,0.39899999999999997,30.0,270,38.497724710725834,46.412272182767346,156.9115,407.87602499999986,257220.57625,292.9464875000001,11492.0,0.4589789303079408,0.2684,0.8457892857142872,0.34043012912482085,3.5105211267605356,2.2025450000000264,5.7838827838827855,2.0,33.16212499999998,28000.0,35200.0,100.0,40683.16690442231,2357.9457364341033,29.0,25.0,17681.109167933704,,5
21767112,8470,35.6,192,4580,181.0,39.7,120.0,1.2,376.0,1.0498,,62233.24099722996,Medium,0.289,0.8,380,0.168,400.0,1940,22.50248780920858,33.965519719349984,156.9115,407.87602499999986,257220.57625,292.9464875000001,87.0,0.4589789303079408,0.23,0.85,0.25,5.02,2.2025450000000264,5.7838827838827855,8.780780780780672,33.16212499999998,235100.0,1100.0,25.67164179104483,40683.16690442231,2357.9457364341033,16.0,0.0,26317.873207174125,,1
cd25f37f,11120,26.2,228,5050,243.0,16.2,170.0,6.9,1791.0,1.0858,,35200.0,Very Strong,0.22399999999999998,0.45,2660,0.276,1720.0,640,20.828968896424925,31.40814397040309,156.9115,407.87602499999986,257220.57625,292.9464875000001,124.0,0.4589789303079408,0.2214,0.8457892857142872,0.265,3.5105211267605356,2.2025450000000264,16.0,8.780780780780672,33.16212499999998,59000.0,37200.0,0.0,40683.16690442231,2357.9457364341033,5.0,1.0,100673.23602161603,,4
7d16e349,2230,5.0,172,3010,120.0,45.4,760.0,38.24694148936168,2720.0,1.1608,,96400.0,Weak,0.113,0.48,60,0.324,40.0,50,40.059348341569866,47.78147727195881,156.9115,407.87602499999986,257220.57625,292.9464875000001,3072.1133879781437,0.4589789303079408,0.25912882096070033,0.9390000000000001,0.309,3.5105211267605356,2.2025450000000264,0.0,8.780780780780672,33.16212499999998,6000.0,15200.0,25.67164179104483,40683.16690442231,2357.9457364341033,16.0,10.0,49129.34555905403,,5
96e96412,9000,15.5,160,4710,216.0,38.1,1280.0,0.3,3752.0,1.49,,41100.0,,0.16399999999999998,0.53,120,0.20800000000000002,100.0,230,30.13712606107597,40.46313234398447,156.9115,407.87602499999986,257220.57625,292.9464875000001,8464.0,0.4589789303079408,0.25912882096070033,0.9109999999999999,0.19,3.5105211267605356,2.2025450000000264,1.0,8.780780780780672,33.16212499999998,20600.0,1000.0,100.0,40683.16690442231,2357.9457364341033,10.0,9.332857142857154,51419.507941980846,,0
9e1d6b48,11750,15.1,73,5940,238.0,32.9,50.0,1.2,172.0,1.05,,1300.0,Very Strong,0.3,0.66,1660,0.151,1530.0,240,39.644117479681086,46.7798014192025,156.9115,407.87602499999986,257220.57625,292.9464875000001,37.0,0.4589789303079408,0.21,0.67,0.34043012912482085,3.5105211267605356,2.2025450000000264,6.0,8.780780780780672,33.16212499999998,19000.0,79000.0,0.0,40683.16690442231,2357.9457364341033,5.0,0.0,85696.69181848294,,4
724ee925,5220,23.4,374,3080,155.0,46.2,760.0,0.4,2792.0,1.38,,54800.0,Weak,0.2,0.58,130,0.214,110.0,1140,41.62977039378557,46.57075018910044,156.9115,407.87602499999986,257220.57625,292.9464875000001,6029.0,0.4589789303079408,0.21899999999999997,0.9356,0.1482,3.5105211267605356,1.91,2.0,3.0,33.16212499999998,52979.790026246745,39300.0,300.0,40683.16690442231,2357.9457364341033,30.0,29.0,14578.173639064773,,5
7634ee88,4910,13.3,52,3310,129.0,31.4,750.0,1.6,3218.0,1.1261752223634045,,111100.0,Weak,0.152,0.57,80,0.39799999999999996,50.0,40,34.071339401667544,40.912872606079915,156.9115,407.87602499999986,257220.57625,292.9464875000001,564.0,0.4589789303079408,0.28800000000000003,0.8735,0.2417,3.5105211267605356,2.2025450000000264,0.0,8.780780780780672,33.16212499999998,3600.0,62122.82321899733,0.0,40683.16690442231,2357.9457364341033,13.0,7.0,33617.92035248364,,5
885970ca,1300,23.7,100,1170,98.0,21.3,10.0,93.7,3.0,1.0148,,66800.0,Weak,0.239,0.64,170,0.3003919270833331,423.3383010432194,310,22.997095758204306,26.201864193208316,156.9115,407.87602499999986,257220.57625,292.9464875000001,8.0,0.4589789303079408,0.25912882096070033,0.97,0.2868,3.5105211267605356,2.2025450000000264,1.0,1.0,33.16212499999998,33000.0,65400.0,25.67164179104483,40683.16690442231,2357.9457364341033,61.0,31.0,7680.029891618551,,5
80ad7f90,11530,6.9,54,5770,235.0,40.7,580.0,0.4,2053.0,1.22,,6000.0,Strong,0.26899999999999996,0.77,520,0.157,500.0,80,40.10760701163458,49.07830752605136,156.9115,407.87602499999986,257220.57625,292.9464875000001,438.0,0.4589789303079408,0.2041,0.96,0.28,3.5105211267605356,2.2025450000000264,2.0,8.780780780780672,33.16212499999998,9000.0,14700.0,25.67164179104483,40683.16690442231,2357.9457364341033,4.0,9.332857142857154,124780.78062740533,,3
6cfefdfd,4010,16.3,300,1890,144.0,12.4,347.54914809960695,512.4,1.0,1.0217,,39400.0,Very Strong,0.282,0.44,2730,0.33299999999999996,1910.0,510,19.19280489657602,24.93672633343641,156.9115,407.87602499999986,257220.57625,292.9464875000001,4.0,0.4589789303079408,0.2835,0.8457892857142872,0.21,3.5105211267605356,2.2025450000000264,5.7838827838827855,39.0,33.16212499999998,42000.0,164500.0,0.0,40683.16690442231,2357.9457364341033,5.0,1.0,101409.10122344038,,4
6f28ff66,10240,20.2,206,5520,208.0,28.24155019059721,270.0,1.1,1103.0,1.0985,,19900.0,Medium,0.27899999999999997,0.46,220,0.184,210.0,530,29.824953391189364,36.93361759558445,156.9115,407.87602499999986,257220.57625,292.9464875000001,202.0,0.4589789303079408,0.25912882096070033,0.909,0.273,3.5105211267605356,2.2025450000000264,2.0,8.780780780780672,33.16212499999998,42000.0,52100.0,0.0,40683.16690442231,2357.9457364341033,11.0,7.0,46659.499774153606,,1
b8b1ddc7,11630,14.7,274,5770,175.90724269377387,16.6,60.0,11.3,703.0,1.05,,8800.0,Very Strong,0.285,0.53,2680,0.191,2380.0,620,48.01918953758285,46.03277631618805,156.9115,407.87602499999986,257220.57625,292.9464875000001,46.0,0.4589789303079408,0.235,0.866,0.41,3.5105211267605356,2.2025450000000264,5.7838827838827855,8.780780780780672,33.16212499999998,51000.0,464500.0,0.0,40683.16690442231,2357.9457364341033,4.0,9.332857142857154,49129.34555905403,,4
586c575d,5420,37.2,159,2810,161.0,24.3,280.0,4.2,1645.0,1.0944,,91900.0,Medium,0.182,0.68,170,0.369,130.0,570,17.63615295728239,25.123345968543397,156.9115,407.87602499999986,257220.57625,292.9464875000001,670.0,0.4589789303079408,0.25912882096070033,0.813,0.2933,3.5105211267605356,1.96,5.7838827838827855,8.780780780780672,33.16212499999998,55000.0,800.0,0.0,40683.16690442231,2357.9457364341033,25.0,0.0,17568.034288012655,,1
b43fd530,11990,20.3,45,5990,248.0,42.2,450.0,0.5,1734.0,1.173,,1400.0,Very Strong,0.298,0.52,1710,0.151,423.3383010432194,180,43.05449469609962,52.82946509626639,156.9115,407.87602499999986,257220.57625,292.9464875000001,337.0,0.4589789303079408,0.187,0.63,0.39,3.5105211267605356,1.63,3.0,8.780780780780672,33.16212499999998,13000.0,39500.0,0.0,40683.16690442231,2357.9457364341033,5.0,9.332857142857154,96190.78729036963,,4
b045d29d,2870,16.6,422,3920,118.0,42.1,950.0,38.24694148936168,3558.0,1.21,,114900.0,Weak,0.11599999999999999,0.75,40,0.395,30.0,420,40.785367320594894,48.313912014676006,156.9115,407.87602499999986,257220.57625,292.9464875000001,12308.0,0.4589789303079408,0.2806,0.7142,0.457,3.5105211267605356,2.2025450000000264,1.0,8.780780780780672,33.16212499999998,38000.0,57700.0,100.0,40683.16690442231,2357.9457364341033,49.0,42.0,49129.34555905403,,5
5fc0526b,6410,16.3,291,4110,149.0,42.2,347.54914809960695,0.9,1292.0,1.13,,35400.0,Weak,0.248,0.63,140,0.196,140.0,670,40.778092675838764,47.63873602930923,156.9115,407.87602499999986,257220.57625,292.9464875000001,314.0,0.4589789303079408,0.25,0.8457892857142872,0.3614,3.5105211267605356,2.2025450000000264,2.0,3.0,33.16212499999998,61600.0,63200.0,0.0,40683.16690442231,2357.9457364341033,13.0,9.0,34108.764073871025,,5
a601c91f,5240,18.7,71,2380,164.0,25.1,150.0,6.1,1588.1898395721917,1.0590000000000002,,62233.24099722996,Medium,0.204,0.8,400,0.34700000000000003,310.0,200,19.57864659957751,25.670212015554675,156.9115,407.87602499999986,257220.57625,292.9464875000001,113.0,0.4589789303079408,0.25912882096070033,0.8457892857142872,0.42,3.5105211267605356,2.2025450000000264,5.7838827838827855,8.780780780780672,33.16212499999998,15000.0,3700.0,0.0,40683.16690442231,2357.9457364341033,15.0,0.0,27574.644460076237,,1
a5d7cb84,5360,33.6,139,3460,150.0,18.2,310.0,16.3,2399.0,1.1,,108400.0,Weak,0.152,0.72,160,0.41100000000000003,100.0,430,21.482513765489813,29.196798880348098,156.9115,407.87602499999986,257220.57625,292.9464875000001,229.0,0.4589789303079408,0.31,0.8696,0.2852,3.5105211267605356,2.2025450000000264,5.7838827838827855,8.780780780780672,33.16212499999998,30600.0,100.0,0.0,40683.16690442231,2357.9457364341033,18.0,13.0,49129.34555905403,,5
a27bceb2,1940,20.42978177150193,150,3060,112.0,32.3,560.0,2.7,2784.0,1.09,,121800.0,,0.113,0.6,70,0.435,40.0,210,24.39953255867023,31.54196112961794,156.9115,407.87602499999986,257220.57625,292.9464875000001,557.0,0.4589789303079408,0.25912882096070033,0.89,0.245,3.5105211267605356,2.2025450000000264,0.0,1.0,33.16212499999998,52979.790026246745,46100.0,0.0,40683.16690442231,2357.9457364341033,18.025099075297234,32.0,8362.517842058733,,0
450a411e,9390,19.8,398,4140,224.0,33.0,170.0,1.2,763.0,1.0761,,20600.0,Very Strong,0.266,0.56,990,0.201,920.0,1500,33.36976507949352,39.84822240911846,156.9115,407.87602499999986,257220.57625,292.9464875000001,126.0,0.4589789303079408,0.2097,0.7069,0.3989,3.5105211267605356,1.944,5.7838827838827855,8.780780780780672,33.16212499999998,167000.0,167100.0,0.0,40683.16690442231,2357.9457364341033,7.0,0.0,69212.69377677319,,4
42a64428,2600,17.5,298,2100,112.0,41.6,500.0,0.8,1924.0,1.2,,90500.0,Weak,0.147,0.64,70,0.31,60.0,430,34.333885985394076,40.73734809148371,156.9115,407.87602499999986,257220.57625,292.9464875000001,9811.0,0.4589789303079408,0.258,0.8457892857142872,0.3,3.5105211267605356,2.2025450000000264,1.0,8.780780780780672,33.16212499999998,33000.0,0.0,100.0,40683.16690442231,2357.9457364341033,38.0,41.0,11038.559498327728,,5
417046b3,1480,31.4,130,1050,107.0,13.1,30.0,1629.9,291.0,1.02,,115200.0,Medium,0.11900000000000001,0.73,250,0.44299999999999995,80.0,270,12.429637289060818,15.606386849088523,156.9115,407.87602499999986,257220.57625,292.9464875000001,21.0,0.4589789303079408,0.25912882096070033,0.9568,0.32,4.4,2.2025450000000264,1.0,3.0,33.16212499999998,11200.0,57800.0,0.0,40683.16690442231,2357.9457364341033,28.0,13.0,15302.23150303521,,1
f1435685,7150,20.42978177150193,265,2950,210.0,35.5,120.0,1.2,514.0,1.06,,21700.0,Very Strong,0.228,0.63,930,0.20800000000000002,760.0,610,34.822194231317745,39.634227836804506,156.9115,407.87602499999986,257220.57625,292.9464875000001,92.0,0.4589789303079408,0.2235,0.84,0.2079,3.5105211267605356,2.2025450000000264,5.7838827838827855,8.780780780780672,33.16212499999998,61000.0,104800.0,25.67164179104483,40683.16690442231,2357.9457364341033,6.0,0.0,49129.34555905403,,4
f5395128,6680,20.9,134,4390,150.0,43.5,620.0,0.6,1875.0,1.2,,34700.0,Weak,0.221,0.6,110,0.19,90.0,400,41.55020888052188,49.83099361266065,156.9115,407.87602499999986,257220.57625,292.9464875000001,461.0,0.4589789303079408,0.254,0.7534,0.3707,3.5105211267605356,2.2025450000000264,1.0,8.780780780780672,33.16212499999998,30600.0,32100.0,0.0,40683.16690442231,2357.9457364341033,20.0,12.0,49129.34555905403,,5
1abcd1de,11140,26.0,185,5650,228.0,32.2,347.54914809960695,0.9,1944.0,1.15,,22800.0,Medium,0.255,0.73,410,0.196,370.0,980,27.397916351918933,37.12919974850401,156.9115,407.87602499999986,257220.57625,292.9464875000001,321.0,0.4589789303079408,0.25912882096070033,0.8457892857142872,0.275,3.5105211267605356,2.2025450000000264,5.7838827838827855,8.780780780780672,33.16212499999998,91000.0,7600.0,25.67164179104483,40683.16690442231,2357.9457364341033,11.0,0.0,42396.103840855765,,1
fe1b5ce9,3390,21.1,154,2000,132.0,15.5,347.54914809960695,38.24694148936168,1140.0,1.0417,,107800.0,Medium,0.138,0.58,180,0.425,80.0,180,15.377790235154155,20.225324274098192,156.9115,407.87602499999986,257220.57625,292.9464875000001,3072.1133879781437,0.4589789303079408,0.3126,0.8457892857142872,0.3273,3.5105211267605356,2.2025450000000264,5.7838827838827855,8.780780780780672,33.16212499999998,18000.0,62122.82321899733,0.0,40683.16690442231,2357.9457364341033,12.0,5.0,49129.34555905403,,1
e37d4aaa,4410,20.42978177150193,290,12460,160.0,39.7,5920.0,0.6,11350.0,1.206,,123400.0,Weak,0.10099999999999999,0.62,60,0.435,30.0,430,51.19014201791445,76.20911626657407,156.9115,407.87602499999986,257220.57625,292.9464875000001,34637.0,0.4589789303079408,0.25912882096070033,0.8457892857142872,0.23399999999999999,3.5105211267605356,2.2025450000000264,5.7838827838827855,8.780780780780672,33.16212499999998,36000.0,47000.0,700.0,40683.16690442231,2357.9457364341033,56.0,51.0,7478.648946662413,,5
2882c9d8,4840,20.3,266,2750,165.0,19.0,140.0,24.8,1263.0,1.0544,,90100.0,Medium,0.146,0.76,240,0.385,110.0,450,15.168907083127118,21.79667970286357,156.9115,407.87602499999986,257220.57625,292.9464875000001,102.0,0.4589789303079408,0.25912882096070033,0.8457892857142872,0.28,3.5105211267605356,2.408,3.0,8.780780780780672,33.16212499999998,38900.0,2400.0,0.0,40683.16690442231,2357.9457364341033,11.0,0.0,40825.11167864643,,1
cff34674,5250,31.1,139,2660,182.0,42.0,760.0,0.5,2575.0,1.281,,77800.0,Weak,0.135,0.67,120,0.305,70.0,350,36.727598203089784,44.587592130440385,156.9115,407.87602499999986,257220.57625,292.9464875000001,569.0,0.4589789303079408,0.25912882096070033,0.8457892857142872,0.33,3.17,2.2025450000000264,1.0,8.780780780780672,33.16212499999998,26700.0,33300.0,0.0,40683.16690442231,2357.9457364341033,17.0,13.0,29809.69185058493,,5
27dac3b4,5170,31.0,127,3140,136.0,22.9,160.0,11.9,1031.0,1.0526,,89000.0,Weak,0.23199999999999998,0.44,140,0.363,110.0,300,26.492242904721515,32.253693750317765,156.9115,407.87602499999986,257220.57625,292.9464875000001,123.0,0.4589789303079408,0.25912882096070033,0.8457892857142872,0.27699999999999997,3.5105211267605356,2.2025450000000264,5.7838827838827855,8.780780780780672,33.16212499999998,33000.0,41200.0,0.0,40683.16690442231,2357.9457364341033,25.0,17.0,49129.34555905403,,5
240cc12f,2750,7.9,195,3810,105.0,44.6,940.0,0.8,3448.0,1.23,,114300.0,Weak,0.11900000000000001,0.8,30,0.389,20.0,140,41.71062413914416,50.30130404920644,156.9115,407.87602499999986,257220.57625,292.9464875000001,944.0,0.4589789303079408,0.25912882096070033,0.823,0.37,3.5105211267605356,2.2025450000000264,1.0,1.0,33.16212499999998,13000.0,38600.0,0.0,40683.16690442231,2357.9457364341033,26.0,29.0,49129.34555905403,,5
319ed836,8820,17.5,122,4980,189.0,41.3,620.0,0.6,2076.0,1.21,,38600.0,Weak,0.243,0.42,100,0.205,90.0,210,41.40667843708588,49.84493738384356,156.9115,407.87602499999986,257220.57625,292.9464875000001,466.0,0.4589789303079408,0.24100000000000002,0.97,0.3611,3.5105211267605356,2.2025450000000264,5.7838827838827855,1.0,33.16212499999998,18000.0,17400.0,25.67164179104483,40683.16690442231,2357.9457364341033,19.0,14.0,24864.84214039979,,5
3248daad,7890,27.9,77,3490,210.0,19.7,190.0,6.0,1625.0,1.09,,67600.0,Strong,0.17,0.78,610,0.33799999999999997,400.0,280,20.754303763198454,27.90886298164994,156.9115,407.87602499999986,257220.57625,292.9464875000001,143.0,0.4589789303079408,0.2524,0.7657,0.34043012912482085,3.5105211267605356,2.2025450000000264,5.7838827838827855,8.780780780780672,33.16212499999998,33000.0,20000.0,0.0,40683.16690442231,2357.9457364341033,8.0,0.0,58053.30950153947,,3
d9b75df6,10140,10.6,414,4760,229.0,32.0,240.0,1.0,1052.0,1.1,,23300.0,Very Strong,0.282,0.43,790,0.2,740.0,520,39.051822598092585,44.05844040776476,156.9115,407.87602499999986,257220.57625,292.9464875000001,177.0,0.4589789303079408,0.25912882096070033,0.8892,0.34,3.5105211267605356,2.452,12.0,8.780780780780672,33.16212499999998,43000.0,138400.0,0.0,40683.16690442231,2357.9457364341033,18.025099075297234,9.332857142857154,97047.99333203584,,4
3ec6d25a,9640,14.6,92,4610,194.0,27.0,60.0,3.9,1588.1898395721917,1.0466,,13100.0,Strong,0.278,0.6,1440,0.195,1230.0,200,32.13283239665798,37.92225376865986,156.9115,407.87602499999986,257220.57625,292.9464875000001,47.0,0.4589789303079408,0.23,0.8457892857142872,0.3087,3.5105211267605356,2.7089999999999996,5.7838827838827855,8.780780780780672,33.16212499999998,15000.0,79700.0,25.67164179104483,40683.16690442231,2357.9457364341033,5.0,0.0,86462.9914784187,,3
396ad76c,7650,23.4,150,4480,159.0,41.8,180.0,1.1,583.0,1.064,,15500.0,Medium,0.27,0.66,190,0.17300000000000001,180.0,860,37.28987030660577,42.875525591023546,156.9115,407.87602499999986,257220.57625,292.9464875000001,136.0,0.4589789303079408,0.25912882096070033,0.8873,0.177,3.5105211267605356,2.2025450000000264,2.0,8.780780780780672,33.16212499999998,90000.0,105300.0,0.0,40683.16690442231,2357.9457364341033,22.0,18.0,20085.486259184705,,1
d6ef579a,3580,24.4,123,2500,113.0,14.1,140.0,238.2,1609.0,1.0452,,62233.24099722996,Weak,0.14300000000000002,0.51,100,0.439,50.0,150,17.1776962572405,23.508394176067018,156.9115,407.87602499999986,257220.57625,292.9464875000001,104.0,0.4589789303079408,0.3266,0.9229999999999999,0.2546,3.5105211267605356,2.2025450000000264,1.0,1.0,33.16212499999998,52979.790026246745,22400.0,0.0,40683.16690442231,2357.9457364341033,23.0,18.0,20836.57792089861,,5
81adc800,1950,28.8,218,8020,111.0,35.1,2420.0,1.9,7274.0,1.113,,124600.0,Weak,0.102,0.45,20,0.446,10.0,230,44.50852867687243,58.04380693587524,156.9115,407.87602499999986,257220.57625,292.9464875000001,2578.0,0.4589789303079408,0.25912882096070033,0.69,0.363,3.5105211267605356,2.2025450000000264,5.7838827838827855,8.780780780780672,33.16212499999998,22000.0,73700.0,200.0,40683.16690442231,2357.9457364341033,178.0,196.0,49129.34555905403,,5
827bca9b,5840,30.8,171,2760,183.0,11.3,30.0,184.2,454.0,1.0326,,91200.0,Strong,0.204,0.63,920,0.418,560.0,540,16.79622259698519,21.677759275741217,156.9115,407.87602499999986,257220.57625,292.9464875000001,26.0,0.4589789303079408,0.29600000000000004,0.95,0.32,3.5105211267605356,2.2025450000000264,5.7838827838827855,14.0,33.16212499999998,55000.0,95200.0,0.0,40683.16690442231,2357.9457364341033,7.0,2.0,59406.59170307253,,3
9393d42f,11000,6.3,238,5490,231.0,46.6,347.54914809960695,0.3,2427.0,1.29,,62233.24099722996,Medium,0.275,0.6,360,0.153,423.3383010432194,300,41.277441552201985,48.819220647393855,156.9115,407.87602499999986,257220.57625,292.9464875000001,579.0,0.4589789303079408,0.25912882096070033,0.8270000000000001,0.358,3.5105211267605356,2.2025450000000264,5.7838827838827855,8.780780780780672,33.16212499999998,23000.0,24900.0,25.67164179104483,40683.16690442231,2357.9457364341033,5.0,0.0,100174.16636636363,,1
74e25b83,3210,15.7,379,1770,148.0,13.3,10.0,654.3,53.0,1.022,,55400.0,Very Strong,0.214,0.77,1350,0.368,610.0,840,13.865705237659752,20.154868229512783,156.9115,407.87602499999986,257220.57625,292.9464875000001,6.0,0.4589789303079408,0.25912882096070033,0.8457892857142872,0.42,3.5105211267605356,2.2025450000000264,5.7838827838827855,8.780780780780672,33.16212499999998,76000.0,62122.82321899733,0.0,40683.16690442231,2357.9457364341033,6.0,2.0,49129.34555905403,,4
90943745,1990,22.5,294,1320,120.0,33.2,320.0,2.7,1314.0,1.1,,113000.0,Weak,0.163,0.645359394703657,130,0.409,90.0,750,30.189946737620154,34.762576554854654,156.9115,407.87602499999986,257220.57625,292.9464875000001,243.0,0.4589789303079408,0.276,0.8457892857142872,0.276,3.5105211267605356,2.2025450000000264,2.0,3.0,33.16212499999998,77000.0,102200.0,0.0,40683.16690442231,2357.9457364341033,29.0,25.0,17772.458399851315,,5
78bdb285,1160,18.3,59,910,100.0,32.4,210.0,3.5,795.0,1.06,,115400.0,,0.114,0.68,80,0.42,40.0,70,20.568504599505268,25.236989298537182,156.9115,407.87602499999986,257220.57625,292.9464875000001,202.0,0.4589789303079408,0.25912882096070033,0.9159,0.4369,4.039,2.2025450000000264,0.0,8.780780780780672,33.16212499999998,5200.0,0.0,25.67164179104483,40683.16690442231,2357.9457364341033,73.0,60.0,6107.625935319093,,0
97383273,10690,10.7,278,5720,204.0,34.0,330.0,1.2,1520.0,1.119,,23300.0,Weak,0.264,0.75,180,0.192,160.0,740,39.08974351301138,46.61521380206641,156.9115,407.87602499999986,257220.57625,292.9464875000001,244.0,0.4589789303079408,0.255,0.9202,0.162,3.5105211267605356,2.23,3.0,8.780780780780672,33.16212499999998,76000.0,80400.0,0.0,40683.16690442231,2357.9457364341033,10.0,6.0,49129.34555905403,,5
8e24239d,6640,9.8,384,4640,121.0,44.3,1410.0,0.4,3807.0,1.5061,,84700.0,Weak,0.201,0.65,40,0.282,30.0,510,39.567901137706784,50.046887703291304,156.9115,407.87602499999986,257220.57625,292.9464875000001,6936.0,0.4589789303079408,0.2697,0.78,0.38299999999999995,3.636,1.83,5.7838827838827855,1.0,33.16212499999998,52979.790026246745,2000.0,200.0,40683.16690442231,2357.9457364341033,28.0,22.0,17648.732844539958,,5
660da65d,11670,34.2,194,5890,222.0,43.5,300.0,0.6,1180.0,1.12,,3900.0,Medium,0.295,0.82,620,0.154,590.0,1820,29.35260865148929,41.49405571832201,156.9115,407.87602499999986,257220.57625,292.9464875000001,227.0,0.4589789303079408,0.20600000000000002,0.68,0.413,3.5105211267605356,2.2025450000000264,5.7838827838827855,11.0,33.16212499999998,225100.0,27800.0,25.67164179104483,40683.16690442231,2357.9457364341033,11.0,0.0,39903.00904247137,,1
85062e5c,2680,14.5,151,1500,129.0,19.2,50.0,77.1,431.0,1.0276,,91100.0,Medium,0.18,0.68,350,0.396,200.0,200,16.00884686479815,20.19959852114298,156.9115,407.87602499999986,257220.57625,292.9464875000001,40.0,0.4589789303079408,0.2948,0.8457892857142872,0.31,2.8760000000000003,2.2025450000000264,5.7838827838827855,4.0,33.16212499999998,19000.0,42200.0,0.0,40683.16690442231,2357.9457364341033,12.0,5.0,42466.98573082831,,1
dab0be9c,8330,15.9,412,3740,231.0,17.3,347.54914809960695,5.3,2720.0,1.125,,82600.0,Medium,0.14,0.57,520,0.371,300.0,470,19.737551189834296,25.922125416126207,156.9115,407.87602499999986,257220.57625,292.9464875000001,224.0,0.4589789303079408,0.25912882096070033,0.87,0.34043012912482085,3.5105211267605356,2.2025450000000264,11.0,8.780780780780672,33.16212499999998,42000.0,78700.0,0.0,40683.16690442231,2357.9457364341033,5.0,1.0,93853.43361598556,,1
314f39c7,5980,37.0,125,2960,166.0,30.7,350.0,1.6,1670.0,1.12,,73200.0,Medium,0.158,0.73,220,0.318,140.0,440,23.012482329516434,30.474923489075042,156.9115,407.87602499999986,257220.57625,292.9464875000001,810.0,0.4589789303079408,0.25912882096070033,0.7070000000000001,0.45,3.5105211267605356,2.2025450000000264,1.0,8.780780780780672,33.16212499999998,36700.0,1200.0,0.0,40683.16690442231,2357.9457364341033,16.0,0.0,30820.13008246176,,1
d244b1c6,8650,28.3,216,4900,222.0,43.6,1250.0,0.2,4467.0,1.61,,61300.0,Medium,0.18600000000000003,0.57,120,0.237,110.0,660,31.860821331571067,44.34021499190688,156.9115,407.87602499999986,257220.57625,292.9464875000001,3072.1133879781437,0.4589789303079408,0.21,0.78,0.325,3.5105211267605356,2.2025450000000264,5.7838827838827855,8.780780780780672,33.16212499999998,79000.0,0.0,25.67164179104483,40683.16690442231,2357.9457364341033,28.0,6.0,49129.34555905403,,1
c400aa44,4600,22.9,399,2460,157.0,23.6,30.0,14.1,1588.1898395721917,1.03,,28800.0,Strong,0.248,0.39,800,0.25,530.0,1020,20.041209340685416,26.37645943771978,156.9115,407.87602499999986,257220.57625,292.9464875000001,22.0,0.4589789303079408,0.2729,0.9420000000000001,0.2305,3.5105211267605356,2.2025450000000264,7.0,14.0,33.16212499999998,84000.0,42800.0,25.67164179104483,40683.16690442231,2357.9457364341033,14.0,9.332857142857154,49129.34555905403,,3
270b2245,6750,15.7,90,5060,138.0,45.0,1450.0,38.24694148936168,4599.0,1.7,,62233.24099722996,Weak,0.191,0.65,40,0.252,30.0,220,41.41220230324945,52.91792719757085,156.9115,407.87602499999986,257220.57625,292.9464875000001,5082.0,0.4589789303079408,0.25912882096070033,0.821,0.34043012912482085,3.5105211267605356,2.2025450000000264,0.0,8.780780780780672,33.16212499999998,27000.0,500.0,100.0,40683.16690442231,2357.9457364341033,40.0,42.0,12005.924850477604,,5
237125e8,3330,26.2,193,2280,132.0,40.9,230.0,1.2,675.0,1.07,,39100.0,,0.184,0.54,180,0.214,130.0,530,30.441094002892807,35.27965605072218,156.9115,407.87602499999986,257220.57625,292.9464875000001,173.0,0.4589789303079408,0.27,0.8695,0.34,3.5105211267605356,2.3,1.0,8.780780780780672,33.16212499999998,44000.0,62700.0,0.0,40683.16690442231,2357.9457364341033,26.0,14.0,19036.062082571487,,0
f63eb242,2860,3.8,128,4460,155.0,38.1,1030.0,0.9,1588.1898395721917,1.12,,113300.0,Medium,0.10300000000000001,0.72,110,0.40399999999999997,50.0,20,32.1330651918424,41.72623814586736,156.9115,407.87602499999986,257220.57625,292.9464875000001,1768.0,0.4589789303079408,0.25912882096070033,0.8457892857142872,0.39,3.5105211267605356,2.2025450000000264,1.0,1.0,33.16212499999998,3000.0,6200.0,25.67164179104483,40683.16690442231,2357.9457364341033,9.0,0.0,49129.34555905403,,1
1e173782,7750,16.2,109,3730,188.0,48.0,580.0,0.4,1821.0,1.209,,18200.0,Medium,0.243,0.77,220,0.17,210.0,340,35.9203588874261,44.50038070988084,156.9115,407.87602499999986,257220.57625,292.9464875000001,443.0,0.4589789303079408,0.20600000000000002,0.8909999999999999,0.1858,3.5105211267605356,2.2025450000000264,5.7838827838827855,8.780780780780672,33.16212499999998,31100.0,0.0,0.0,40683.16690442231,2357.9457364341033,11.0,0.0,38541.05880178236,,1
f244b5ef,2320,18.8,50,6550,118.0,36.4,1750.0,1.7,5939.0,1.1388,,124100.0,None,0.10800000000000001,0.64,30,0.442,10.0,60,33.206945607807974,46.5724642210918,156.9115,407.87602499999986,257220.57625,292.9464875000001,1749.0,0.4589789303079408,0.287,0.7181,0.496,3.5105211267605356,2.645,0.0,0.0,33.16212499999998,6000.0,19400.0,0.0,40683.16690442231,2357.9457364341033,57.0,80.0,7636.722760076487,,0
15353a43,11190,16.3,238,5830,229.0,37.6,2070.0,0.2,5611.0,1.8191,,50400.0,Weak,0.237,0.7,140,0.217,140.0,590,40.17084328440266,51.26394376578411,156.9115,407.87602499999986,257220.57625,292.9464875000001,6419.0,0.4589789303079408,0.23,0.8457892857142872,0.33,3.5105211267605356,2.2025450000000264,2.0,8.780780780780672,33.16212499999998,57200.0,61400.0,300.0,40683.16690442231,2357.9457364341033,11.0,9.332857142857154,49129.34555905403,,5
fab0bab5,3410,24.5,280,1610,148.0,31.3,347.54914809960695,2.2,691.0,1.06,,68200.0,Medium,0.161,0.54,290,0.315,423.3383010432194,590,19.77082572942094,26.872901971177757,156.9115,407.87602499999986,257220.57625,292.9464875000001,3072.1133879781437,0.4589789303079408,0.2542,0.8457892857142872,0.34043012912482085,3.5105211267605356,2.2025450000000264,4.0,8.780780780780672,33.16212499999998,47000.0,0.0,0.0,40683.16690442231,2357.9457364341033,19.0,0.0,22182.04576807605,,1
fecabd18,1340,37.4,164,950,102.0,30.2,170.0,5.5,744.0,1.05,,112400.0,Weak,0.12300000000000001,0.73,170,0.418,423.3383010432194,400,28.65170986540995,32.229115847273434,156.9115,407.87602499999986,257220.57625,292.9464875000001,130.0,0.4589789303079408,0.25912882096070033,0.8457892857142872,0.501,3.5105211267605356,2.2025450000000264,1.0,8.780780780780672,33.16212499999998,36000.0,81400.0,0.0,40683.16690442231,2357.9457364341033,58.0,27.0,7554.572639185815,,5
4ef9ad2e,8840,16.1,379,4230,201.0,38.7,780.0,0.4,2868.0,1.29,,51100.0,Medium,0.177,0.66,260,0.24600000000000002,180.0,650,29.75055230242588,39.48024060314397,156.9115,407.87602499999986,257220.57625,292.9464875000001,1209.0,0.4589789303079408,0.2274,0.7644,0.32,3.5105211267605356,1.88,6.0,8.0,33.16212499999998,54000.0,7000.0,25.67164179104483,40683.16690442231,2357.9457364341033,8.0,9.332857142857154,49129.34555905403,,1
4955a818,4380,9.1,138,5600,135.0,43.7,1730.0,0.4,5076.0,1.411,,91700.0,Weak,0.133,0.57,30,0.285,30.0,90,42.609148164933224,55.667792589285625,156.9115,407.87602499999986,257220.57625,292.9464875000001,1726.0,0.4589789303079408,0.2526,0.8457892857142872,0.2424,3.5105211267605356,2.2025450000000264,0.0,0.0,33.16212499999998,7000.0,20500.0,0.0,40683.16690442231,2357.9457364341033,32.0,26.0,49129.34555905403,,5
a6d028ee,1050,28.0,85,810,96.0,21.8,90.0,35.0,605.0,1.031,,121200.0,Weak,0.105,0.59,100,0.444,423.3383010432194,120,21.75728797243208,25.674796840030247,156.9115,407.87602499999986,257220.57625,292.9464875000001,3072.1133879781437,0.4589789303079408,0.25912882096070033,0.884,0.33,3.5105211267605356,2.2025450000000264,5.7838827838827855,1.0,33.16212499999998,9000.0,34900.0,0.0,40683.16690442231,2357.9457364341033,86.0,47.0,6001.3529524230125,,5
adf2252f,3560,6.2,195,2380,134.0,20.2,180.0,23.3,1434.0,1.0590000000000002,,103000.0,Weak,0.129,0.69,100,0.405,60.0,100,22.49889448684371,28.31438877566164,156.9115,407.87602499999986,257220.57625,292.9464875000001,137.0,0.4589789303079408,0.316,0.6613,0.34,3.5105211267605356,2.2025450000000264,1.0,8.780780780780672,33.16212499999998,8000.0,9000.0,0.0,40683.16690442231,2357.9457364341033,9.0,5.0,50513.65078454255,,5
ae2427b4,3970,19.7,211,1440,184.0,19.0,50.0,20.1,436.0,1.0397,,66300.0,Very Strong,0.16399999999999998,0.5,1370,0.36,710.0,290,17.41467260887579,23.632624477991513,156.9115,407.87602499999986,257220.57625,292.9464875000001,39.0,0.4589789303079408,0.26,0.8457892857142872,0.239,3.5105211267605356,2.2025450000000264,10.0,8.780780780780672,33.16212499999998,29000.0,29100.0,0.0,40683.16690442231,2357.9457364341033,7.0,0.0,73035.534326269,,4
a9882282,9960,10.9,419,4490,228.0,20.0,390.0,3.1,3015.0,1.15,,78200.0,,0.21899999999999997,0.46,620,0.349,500.0,400,18.274170460612712,26.747789984778457,156.9115,407.87602499999986,257220.57625,292.9464875000001,4616.0,0.4589789303079408,0.226,0.8919,0.3081,3.5105211267605356,2.2025450000000264,8.0,16.0,33.16212499999998,43000.0,20900.0,0.0,40683.16690442231,2357.9457364341033,5.0,1.0,49129.34555905403,,0
b094336c,9410,9.2,181,4520,220.0,17.3,130.0,9.7,1283.0,1.067,,50600.0,Very Strong,0.225,0.76,820,0.303,530.0,270,25.289084617790273,31.553425171102482,156.9115,407.87602499999986,257220.57625,292.9464875000001,99.0,0.4589789303079408,0.25912882096070033,0.9229999999999999,0.2636,3.5105211267605356,1.989,5.7838827838827855,11.0,33.16212499999998,33000.0,62122.82321899733,25.67164179104483,40683.16690442231,2357.9457364341033,5.0,1.0,85772.62745282847,,4
b4ee34c1,1370,27.0,206,1110,106.0,18.3,50.0,87.6,326.0,1.022,,109600.0,,0.16,0.48,190,0.424,100.0,320,14.736385452459011,17.727242897624734,156.9115,407.87602499999986,257220.57625,292.9464875000001,37.0,0.4589789303079408,0.33,0.8590000000000001,0.2663,3.5105211267605356,2.2025450000000264,5.7838827838827855,2.0,33.16212499999998,33000.0,78300.0,0.0,40683.16690442231,2357.9457364341033,33.0,22.0,15059.958481103371,,0
5b6bb437,3900,27.5,457,1990,143.0,32.2,340.0,1.3,1813.0,1.15,,97900.0,Weak,0.134,0.68,150,0.365,110.0,840,30.94085336327526,35.81081260427366,156.9115,407.87602499999986,257220.57625,292.9464875000001,342.0,0.4589789303079408,0.268,0.8457892857142872,0.281,3.5105211267605356,2.2025450000000264,5.7838827838827855,6.0,33.16212499999998,67000.0,89800.0,25.67164179104483,40683.16690442231,2357.9457364341033,16.0,9.0,30515.202284707266,,5
8cf29696,2600,24.3,277,1970,114.0,14.0,10.0,851.3,65.0,1.0189,,56200.0,Medium,0.22,0.62,450,0.349,250.0,790,16.849805230601206,19.49479091094438,156.9115,407.87602499999986,257220.57625,292.9464875000001,3072.1133879781437,0.4589789303079408,0.3312,0.8111,0.26,3.5105211267605356,2.2025450000000264,5.0,8.780780780780672,33.16212499999998,47300.0,124900.0,0.0,40683.16690442231,2357.9457364341033,16.0,7.0,27948.093352768774,,1
75330de2,4280,9.6,313,2540,135.0,20.7,110.0,17.1,798.0,1.044,,62233.24099722996,Weak,0.161,0.78,230,0.35600000000000004,423.3383010432194,390,20.973696093272338,27.689308425532023,156.9115,407.87602499999986,257220.57625,292.9464875000001,83.0,0.4589789303079408,0.25912882096070033,0.96,0.34043012912482085,3.5105211267605356,2.2025450000000264,5.0,6.0,33.16212499999998,42000.0,1700.0,0.0,40683.16690442231,2357.9457364341033,7.0,0.0,63948.596816803496,,5
729f08d4,1460,14.2,189,2450,115.0,34.9,490.0,1.8,2218.0,1.082,,62233.24099722996,Weak,0.102,0.645359394703657,100,0.426,50.0,170,33.47436543620714,39.58562875140468,156.9115,407.87602499999986,257220.57625,292.9464875000001,489.0,0.4589789303079408,0.28,0.95,0.37,3.5105211267605356,2.2025450000000264,5.7838827838827855,2.0,33.16212499999998,12000.0,42600.0,0.0,40683.16690442231,2357.9457364341033,24.0,16.0,49129.34555905403,,5
25dd974e,3360,23.0,77,2660,120.0,22.5,300.0,7.6,2406.0,1.12,,118200.0,None,0.124,0.71,80,0.429,40.0,120,18.258730981828887,23.8966817616572,156.9115,407.87602499999986,257220.57625,292.9464875000001,302.0,0.4589789303079408,0.3126,0.8948,0.545,3.5105211267605356,2.2025450000000264,0.0,1.0,33.16212499999998,12000.0,17000.0,25.67164179104483,40683.16690442231,2357.9457364341033,30.0,17.0,49129.34555905403,,0
ca5817b8,8860,34.7,153,4000,217.0,38.6,410.0,0.6,1532.0,1.1534,,27900.0,Strong,0.225,0.79,510,0.20199999999999999,390.0,1000,31.388475548181255,40.55678385589124,156.9115,407.87602499999986,257220.57625,292.9464875000001,3072.1133879781437,0.4589789303079408,0.21,0.94,0.4397,3.5105211267605356,1.7,3.0,8.780780780780672,33.16212499999998,73000.0,10900.0,0.0,40683.16690442231,2357.9457364341033,15.0,0.0,27997.58990749251,,3
260b95d5,9540,25.9,348,5260,198.0,36.8,550.0,0.7,2155.0,1.2,,33600.0,Weak,0.198,0.75,140,0.207,110.0,1320,39.89336911151477,47.602114358402915,156.9115,407.87602499999986,257220.57625,292.9464875000001,415.0,0.4589789303079408,0.26,0.8,0.51,2.74,2.2025450000000264,2.0,4.0,33.16212499999998,114100.0,122200.0,0.0,40683.16690442231,2357.9457364341033,20.0,11.0,23035.737318279283,,5
d3440656,9090,36.3,140,5080,186.0,24.8,350.0,3.3,2139.0,1.12,,71400.0,Weak,0.24100000000000002,0.61,140,0.309,120.0,640,29.09676297199637,37.75663443786404,156.9115,407.87602499999986,257220.57625,292.9464875000001,3009.0,0.4589789303079408,0.264,0.759,0.35,3.5105211267605356,2.2025450000000264,1.0,8.780780780780672,33.16212499999998,50000.0,13600.0,0.0,40683.16690442231,2357.9457364341033,20.0,14.0,22043.544924517628,,5
3f17843b,1570,20.42978177150193,158,1100,115.0,24.7,100.0,14.7,512.0,1.03,,103700.0,Weak,0.132,0.57,100,0.406,50.0,170,23.207369506016377,27.80272337255871,156.9115,407.87602499999986,257220.57625,292.9464875000001,75.0,0.4589789303079408,0.25912882096070033,0.8457892857142872,0.31,3.5105211267605356,2.177,1.0,1.0,33.16212499999998,16000.0,22500.0,0.0,40683.16690442231,2357.9457364341033,27.0,19.0,18655.81397729111,,5
1cc18289,10300,25.3,236,5930,229.0,41.1,1550.0,0.2,5378.0,1.65,,54300.0,Medium,0.174,0.88,300,0.23399999999999999,260.0,950,34.558281167754984,44.58136623819166,156.9115,407.87602499999986,257220.57625,292.9464875000001,5258.0,0.4589789303079408,0.19399999999999998,0.7,0.325,3.5105211267605356,2.04,5.0,8.780780780780672,33.16212499999998,77000.0,0.0,400.0,40683.16690442231,2357.9457364341033,10.0,3.0,46229.82679628127,,1
f4e80749,4010,23.3,202,2410,131.0,16.3,80.0,60.5,664.0,1.03,,84100.0,Medium,0.166,0.39,250,0.379,130.0,280,17.049643168797992,21.228009385886363,156.9115,407.87602499999986,257220.57625,292.9464875000001,57.0,0.4589789303079408,0.306,0.8457892857142872,0.36,3.5105211267605356,2.888,5.7838827838827855,8.780780780780672,33.16212499999998,23000.0,62122.82321899733,0.0,40683.16690442231,2357.9457364341033,14.0,6.0,35603.33873122207,,1
ffca0a88,10850,34.2,243,5280,227.0,44.8,670.0,0.3,2129.0,1.2488,,4400.0,Strong,0.28300000000000003,0.56,490,0.153,450.0,1540,32.44445453020746,44.562518920870694,156.9115,407.87602499999986,257220.57625,292.9464875000001,541.0,0.4589789303079408,0.25912882096070033,0.9279999999999999,0.3239,3.5105211267605356,2.2025450000000264,5.7838827838827855,8.780780780780672,33.16212499999998,177700.0,2200.0,100.0,40683.16690442231,2357.9457364341033,11.0,9.332857142857154,45333.99337579719,,3
e98e110a,3890,22.7,119,2850,120.0,34.5,500.0,1.4,1792.0,1.1261752223634045,,96500.0,,0.184,0.69,80,0.34600000000000003,60.0,310,26.051900632899134,32.736383137721575,156.9115,407.87602499999986,257220.57625,292.9464875000001,377.0,0.4589789303079408,0.25912882096070033,0.8457892857142872,0.4079,3.5105211267605356,2.2025450000000264,0.0,8.780780780780672,33.16212499999998,23000.0,27700.0,0.0,40683.16690442231,2357.9457364341033,33.0,23.0,14757.637207700596,,0
ea581391,4400,29.9,126,5200,101.0,43.6,1630.0,0.4,4736.0,1.5885,,79900.0,Weak,0.201,0.78,10,0.231,10.0,660,40.57319536133708,51.04595236397538,156.9115,407.87602499999986,257220.57625,292.9464875000001,2481.0,0.4589789303079408,0.25912882096070033,0.8457892857142872,0.32,3.5105211267605356,2.2025450000000264,0.0,0.0,33.16212499999998,53000.0,900.0,300.0,40683.16690442231,2357.9457364341033,170.0,9.332857142857154,2481.8063414253993,,5
56e50b50,4830,10.5,141,2320,191.0,23.5,60.0,6.0,331.0,1.038,,34600.0,Strong,0.175,0.82,700,0.263,390.0,190,21.459276111284773,27.35593996438689,156.9115,407.87602499999986,257220.57625,292.9464875000001,45.0,0.4589789303079408,0.25912882096070033,0.7,0.364,3.5105211267605356,2.55,5.7838827838827855,8.780780780780672,33.16212499999998,24000.0,21300.0,0.0,40683.16690442231,2357.9457364341033,5.0,0.0,93395.58925010033,,3
