CASENAME,Depth,Area,RESTHICK,PRESS,TEMP,OILGRAV,SOLGOR,Visco,Psat,Bo,FLUIDTYPE,WATSAL,Aquifer,POROSITY,NTG,PERM,CONWATER,PERM.AQUIFER,OOIP,RF,RFmax,Np,Nw,Ng,Nwi,GOR,SWx,RELPERM.RESSAT.Kro,RELPERM.ENDPOINT.Kro,RELPERM.ENDPOINT.Krw,RELPERM.EXPON.Kro,RELPERM.EXPON.Krw,PROD.PI,WINJ.PI,PROD_TIME,Field.OILRATE,Field.WATRATE,Field.GASRATE,Field.INJWATRATE,Field.INJGASRATE,NumPROD,NumWINJ,BODP_well,RECOVERY
1b54df2c,2720,13.5,119,1560,134.0,13.7,40.0,522.5,492.0,1.03,Undersaturated,107700.0,Medium,0.17300000000000001,0.49,340,0.431,190.0,110,27.67349999999999,34.292399403874896,156.9115,407.87602499999986,257220.57625,292.9464875000001,33.0,0.4589789303079408,0.311,0.8457892857142872,0.213,3.5105211267605356,1.77,1.0,2.0,33.16212499999998,7100.0,22500.0,0.0,40683.16690442231,2357.9457364341033,16.0,7.0,31497.742906098574,
84d69ded,1010,42.7,93,1320,97.0,37.4,347.54914809960695,2.2,1198.0,1.07,Undersaturated,124000.0,None,0.1,0.84,40,0.445,10.0,270,27.67349999999999,34.292399403874896,156.9115,407.87602499999986,257220.57625,292.9464875000001,362.0,0.4589789303079408,0.32299999999999995,0.9026,0.34043012912482085,3.5105211267605356,2.2025450000000264,0.0,0.0,33.16212499999998,24000.0,0.0,0.0,40683.16690442231,2357.9457364341033,149.0,201.0,49129.34555905403,
4376f799,11450,23.9,78,5830,244.0,13.3,120.0,38.24694148936168,1613.0,1.0672,Full Saturated,45300.0,Strong,0.28,0.71,670,0.295,620.0,330,27.67349999999999,34.292399403874896,156.9115,407.87602499999986,257220.57625,292.9464875000001,90.0,0.4589789303079408,0.2612,0.6652,0.34043012912482085,3.5105211267605356,2.2025450000000264,4.0,8.780780780780672,33.16212499999998,35000.0,56200.0,25.67164179104483,40683.16690442231,2357.9457364341033,18.025099075297234,2.0,76594.63250566622,
80d83419,2360,30.5,213,4830,133.0,40.1,1310.0,1.0,4373.0,1.13,Undersaturated,118000.0,Weak,0.11,0.69,80,0.409,50.0,350,27.67349999999999,34.292399403874896,156.9115,407.87602499999986,257220.57625,292.9464875000001,8134.0,0.4589789303079408,0.2448,0.8457892857142872,0.31,3.5105211267605356,2.388,5.7838827838827855,1.0,33.16212499999998,32000.0,113300.0,100.0,40683.16690442231,2357.9457364341033,35.0,38.0,13310.549297911015,
47785e6d,5110,20.42978177150193,120,3880,134.0,14.0,70.0,883.2,819.0,1.03,Near Saturation,101500.0,Weak,0.191,0.55,130,0.41600000000000004,60.0,160,27.67349999999999,34.292399403874896,156.9115,407.87602499999986,257220.57625,292.9464875000001,50.0,0.4589789303079408,0.3353,0.986,0.44,3.5105211267605356,2.2025450000000264,1.0,1.0,33.16212499999998,6200.0,17400.0,0.0,40683.16690442231,2357.9457364341033,12.0,7.0,35347.34789877111,
d477fb5e,3470,34.8,243,1800,157.0,25.1,200.0,5.0,1621.0,1.09,Undersaturated,105700.0,Medium,0.11599999999999999,0.75,140,0.406,423.3383010432194,580,27.67349999999999,34.292399403874896,156.9115,407.87602499999986,257220.57625,292.9464875000001,6174.0,0.4589789303079408,0.25912882096070033,0.94,0.23,3.5105211267605356,2.64,2.0,8.780780780780672,33.16212499999998,38800.0,62122.82321899733,0.0,40683.16690442231,2357.9457364341033,23.0,6.0,20029.135167977074,
e59fe1c3,2860,22.1,209,1860,118.0,18.9,40.0,155.4,343.0,1.024,Highly Undersaturated,88400.0,Medium,0.213,0.5,250,0.39,170.0,420,27.67349999999999,34.292399403874896,156.9115,407.87602499999986,257220.57625,292.9464875000001,32.0,0.4589789303079408,0.306,0.8457892857142872,0.2657,3.5105211267605356,2.2025450000000264,2.0,3.0,33.16212499999998,39000.0,57300.0,0.0,40683.16690442231,2357.9457364341033,21.0,9.0,22998.4120615916,
5d58feaf,6320,17.9,175,3950,144.0,33.4,370.0,2.1,1662.0,1.1151,Undersaturated,78300.0,Weak,0.21,0.5,180,0.313,140.0,330,27.67349999999999,34.292399403874896,156.9115,407.87602499999986,257220.57625,292.9464875000001,280.0,0.4589789303079408,0.25912882096070033,0.96,0.37,3.5105211267605356,2.2025450000000264,1.0,2.0,33.16212499999998,27000.0,28000.0,25.67164179104483,40683.16690442231,2357.9457364341033,12.0,7.0,39923.17079728382,
98ffc021,1470,22.1,405,1120,101.0,33.8,120.0,4.5,440.0,1.04,Highly Undersaturated,93900.0,Weak,0.138,0.73,150,0.37,80.0,720,27.67349999999999,34.292399403874896,156.9115,407.87602499999986,257220.57625,292.9464875000001,90.0,0.4589789303079408,0.25912882096070033,0.8528,0.33,3.5105211267605356,1.78,5.7838827838827855,4.0,33.16212499999998,70000.0,142500.0,25.67164179104483,40683.16690442231,2357.9457364341033,29.0,22.0,14348.311615648985,
2038df4d,8250,26.3,161,3800,241.0,32.8,70.0,2.3,1588.1898395721917,1.0486,Highly Undersaturated,13800.0,,0.237,0.62,1220,0.195,910.0,720,27.67349999999999,34.292399403874896,156.9115,407.87602499999986,257220.57625,292.9464875000001,56.0,0.4589789303079408,0.24,0.8457892857142872,0.39,3.44,2.2025450000000264,5.7838827838827855,14.0,33.16212499999998,69000.0,84600.0,0.0,40683.16690442231,2357.9457364341033,7.0,9.332857142857154,64091.07472110441,
b5a09a9e,11340,26.3,169,5660,244.0,35.4,300.0,0.7,1214.0,1.1193,Undersaturated,62233.24099722996,Very Strong,0.278,0.7,790,0.161,690.0,1030,27.67349999999999,34.292399403874896,156.9115,407.87602499999986,257220.57625,292.9464875000001,224.0,0.4589789303079408,0.25912882096070033,0.8457892857142872,0.265,2.63,2.2025450000000264,5.7838827838827855,8.780780780780672,33.16212499999998,76000.0,36100.0,0.0,40683.16690442231,2357.9457364341033,9.0,0.0,47277.35837133369,
0d6785f2,7450,19.0,324,6880,206.0,41.7,2060.0,0.3,6271.0,1.4622,Near Saturation,87700.0,Weak,0.125,0.7,170,0.299,423.3383010432194,470,27.67349999999999,34.292399403874896,156.9115,407.87602499999986,257220.57625,292.9464875000001,2711.0,0.4589789303079408,0.2198,0.753,0.573,3.5105211267605356,2.2025450000000264,5.7838827838827855,8.780780780780672,33.16212499999998,48000.0,48100.0,300.0,40683.16690442231,2357.9457364341033,9.0,9.0,51157.889022049494,
84488003,3570,20.7,110,2610,123.0,43.0,630.0,0.9,1930.0,1.2016,Undersaturated,88000.0,None,0.171,0.53,70,0.312,60.0,190,27.67349999999999,34.292399403874896,156.9115,407.87602499999986,257220.57625,292.9464875000001,474.0,0.4589789303079408,0.27,0.9940000000000001,0.3474,3.5105211267605356,2.2025450000000264,0.0,8.780780780780672,33.16212499999998,18000.0,20900.0,0.0,40683.16690442231,2357.9457364341033,42.0,36.0,10833.92092065021,
04367290,8550,11.9,226,3900,227.0,41.3,1270.0,0.2,3559.0,1.5089,Undersaturated,23000.0,Medium,0.193,0.63,210,0.17300000000000001,190.0,400,27.67349999999999,34.292399403874896,156.9115,407.87602499999986,257220.57625,292.9464875000001,1846.0,0.4589789303079408,0.2,0.79,0.2339,3.5105211267605356,2.503,2.0,8.780780780780672,33.16212499999998,30000.0,0.0,100.0,40683.16690442231,2357.9457364341033,12.0,3.0,36980.3084986168,
9cf169d5,11890,18.7,204,5960,251.0,37.2,570.0,0.4,2139.0,1.216,Undersaturated,3500.0,Strong,0.27699999999999997,0.52,680,0.154,610.0,680,27.67349999999999,34.292399403874896,156.9115,407.87602499999986,257220.57625,292.9464875000001,458.0,0.4589789303079408,0.2056,0.95,0.3,3.5105211267605356,2.2025450000000264,5.7838827838827855,8.780780780780672,33.16212499999998,60000.0,32100.0,0.0,40683.16690442231,2357.9457364341033,5.0,0.0,49129.34555905403,
560e5d37,8720,16.1,189,4870,199.0,18.1,220.0,38.24694148936168,1588.1898395721917,1.0831,Full Saturated,69600.0,Weak,0.195,0.65,220,0.32899999999999996,160.0,370,27.67349999999999,34.292399403874896,156.9115,407.87602499999986,257220.57625,292.9464875000001,163.0,0.4589789303079408,0.25912882096070033,0.8457892857142872,0.24,3.5105211267605356,2.2025450000000264,2.0,8.780780780780672,33.16212499999998,35000.0,39200.0,0.0,40683.16690442231,2357.9457364341033,8.0,4.0,49129.34555905403,
47e64383,9290,12.4,113,3610,246.0,28.24155019059721,100.0,6.2,948.0,1.0652,Undersaturated,62233.24099722996,Very Strong,0.192,0.8,2350,0.272,1480.0,200,27.67349999999999,34.292399403874896,156.9115,407.87602499999986,257220.57625,292.9464875000001,77.0,0.4589789303079408,0.25912882096070033,0.919,0.16,3.5105211267605356,2.9989999999999997,23.0,8.780780780780672,33.16212499999998,21000.0,159000.0,0.0,40683.16690442231,2357.9457364341033,4.0,0.0,126980.96576238461,
760e591e,6910,38.1,103,2490,211.0,20.4,90.0,5.9,1588.1898395721917,1.0547,Undersaturated,50800.0,Very Strong,0.226,0.57,1610,0.307,1180.0,510,27.67349999999999,34.292399403874896,156.9115,407.87602499999986,257220.57625,292.9464875000001,69.0,0.4589789303079408,0.22699999999999998,0.8059999999999999,0.38,3.5105211267605356,2.2025450000000264,6.0,10.0,33.16212499999998,39000.0,31700.0,25.67164179104483,40683.16690442231,2357.9457364341033,9.0,0.0,54349.694739037666,
79565372,1580,15.1,56,1480,95.0,22.5,200.0,27.3,1388.0,1.055,Undersaturated,121200.0,,0.131,0.76,50,0.44,30.0,70,27.67349999999999,34.292399403874896,156.9115,407.87602499999986,257220.57625,292.9464875000001,150.0,0.4589789303079408,0.33,0.9111,0.2128,3.5105211267605356,2.2025450000000264,0.0,8.780780780780672,33.16212499999998,6000.0,12600.0,0.0,40683.16690442231,2357.9457364341033,41.0,36.0,10340.680562868634,
2969282f,6950,23.7,229,3660,192.0,39.6,840.0,0.3,3329.0,1.43,Undersaturated,70600.0,Weak,0.157,0.58,150,0.265,110.0,480,27.67349999999999,34.292399403874896,156.9115,407.87602499999986,257220.57625,292.9464875000001,10289.0,0.4589789303079408,0.24,0.8457892857142872,0.3286,3.5105211267605356,2.2025450000000264,1.0,8.780780780780672,33.16212499999998,52000.0,17000.0,100.0,40683.16690442231,2357.9457364341033,18.0,15.0,23486.65442679485,
91ae3743,3330,15.5,283,1820,155.0,41.1,350.0,0.9,1140.0,1.1137,Undersaturated,58900.0,,0.156,0.72,110,0.26,423.3383010432194,410,27.67349999999999,34.292399403874896,156.9115,407.87602499999986,257220.57625,292.9464875000001,262.0,0.4589789303079408,0.25912882096070033,0.8457892857142872,0.31,3.5105211267605356,2.234,5.7838827838827855,3.0,33.16212499999998,47000.0,46400.0,0.0,40683.16690442231,2357.9457364341033,21.0,12.0,20914.86305332011,
d27e0650,10500,17.1,155,5190,213.0,30.1,400.0,38.24694148936168,1588.1898395721917,1.15,Near Saturation,36500.0,Strong,0.243,0.69,450,0.23,410.0,490,27.67349999999999,34.292399403874896,156.9115,407.87602499999986,257220.57625,292.9464875000001,296.0,0.4589789303079408,0.226,0.92,0.48,3.5105211267605356,2.2025450000000264,3.0,5.0,33.16212499999998,37000.0,25000.0,0.0,40683.16690442231,2357.9457364341033,8.0,0.0,53743.377092306764,
dd260c3c,2400,9.2,316,2840,121.0,38.6,680.0,0.9,2589.0,1.17,Undersaturated,109200.0,None,0.127,0.51,50,0.37200000000000005,40.0,150,27.67349999999999,34.292399403874896,156.9115,407.87602499999986,257220.57625,292.9464875000001,73956.0,0.4589789303079408,0.2685,0.8390000000000001,0.4,3.5105211267605356,2.2025450000000264,1.0,1.0,33.16212499999998,17000.0,0.0,0.0,40683.16690442231,2357.9457364341033,26.0,27.0,18155.0566502305,
e3961ccd,1830,28.8,164,4000,103.0,42.8,1090.0,0.8,3642.0,1.21,Undersaturated,62233.24099722996,,0.10800000000000001,0.78,10,0.384,10.0,290,27.67349999999999,34.292399403874896,156.9115,407.87602499999986,257220.57625,292.9464875000001,6185.0,0.4589789303079408,0.3147,0.8457892857142872,0.2333,3.5105211267605356,2.2025450000000264,0.0,0.0,33.16212499999998,28000.0,96900.0,25.67164179104483,40683.16690442231,2357.9457364341033,271.0,9.332857142857154,1582.3813989880277,
ecce16a1,7560,9.4,363,3860,210.0,19.6,160.0,9.2,1275.0,1.07,Near Saturation,65700.0,Strong,0.2,0.65,350,0.327,250.0,370,27.67349999999999,34.292399403874896,156.9115,407.87602499999986,257220.57625,292.9464875000001,116.0,0.4589789303079408,0.2669,0.8457892857142872,0.4986,3.5105211267605356,2.2025450000000264,5.7838827838827855,8.780780780780672,33.16212499999998,41000.0,33900.0,0.0,40683.16690442231,2357.9457364341033,6.0,0.0,49129.34555905403,
a30dddae,9430,7.8,173,4670,200.0,22.7,200.0,4.5,1588.1898395721917,1.08,Near Saturation,49100.0,Strong,0.22,0.7,540,0.28300000000000003,430.0,170,27.67349999999999,34.292399403874896,156.9115,407.87602499999986,257220.57625,292.9464875000001,148.0,0.4589789303079408,0.25912882096070033,0.81,0.145,3.5105211267605356,2.2025450000000264,5.7838827838827855,8.780780780780672,33.16212499999998,17000.0,50100.0,0.0,40683.16690442231,2357.9457364341033,5.0,0.0,49129.34555905403,
a4a1d898,6830,12.5,313,3940,173.0,34.0,347.54914809960695,2.4,1588.1898395721917,1.053,Undersaturated,36400.0,,0.24600000000000002,0.64,220,0.23199999999999998,190.0,620,27.67349999999999,34.292399403874896,156.9115,407.87602499999986,257220.57625,292.9464875000001,106.0,0.4589789303079408,0.25912882096070033,0.8457892857142872,0.5124,3.5105211267605356,2.2025450000000264,4.0,8.780780780780672,33.16212499999998,72000.0,2100.0,0.0,40683.16690442231,2357.9457364341033,8.0,0.0,54356.84462318823,
ac55d7c2,5910,16.5,199,2600,169.0,35.8,347.54914809960695,1.6,1588.1898395721917,1.04,Undersaturated,23700.0,Strong,0.27899999999999997,0.58,740,0.207,630.0,600,27.67349999999999,34.292399403874896,156.9115,407.87602499999986,257220.57625,292.9464875000001,63.0,0.4589789303079408,0.25912882096070033,0.9889,0.36,3.5105211267605356,2.2025450000000264,7.0,8.780780780780672,33.16212499999998,70000.0,25200.0,0.0,40683.16690442231,2357.9457364341033,7.0,0.0,66725.01036040984,
ba11cc40,4030,20.0,432,2450,140.0,17.0,40.0,106.5,361.0,1.0270000000000001,Undersaturated,72200.0,Medium,0.212,0.71,330,0.36,230.0,1290,27.67349999999999,34.292399403874896,156.9115,407.87602499999986,257220.57625,292.9464875000001,33.0,0.4589789303079408,0.25912882096070033,0.77,0.33,3.5105211267605356,2.2025450000000264,8.0,8.780780780780672,33.16212499999998,96400.0,191500.0,0.0,40683.16690442231,2357.9457364341033,14.0,9.332857142857154,32481.932258306606,
1492c8ae,8470,5.9,128,3900,227.0,19.0,70.0,10.9,653.0,1.05,Undersaturated,33700.0,Very Strong,0.21899999999999997,0.55,1180,0.27,780.0,100,27.67349999999999,34.292399403874896,156.9115,407.87602499999986,257220.57625,292.9464875000001,53.0,0.4589789303079408,0.25912882096070033,0.8457892857142872,0.34043012912482085,3.5105211267605356,2.2025450000000264,8.0,9.0,33.16212499999998,11000.0,78800.0,0.0,40683.16690442231,2357.9457364341033,4.0,0.0,124706.07321988644,
133ecd98,9920,14.3,232,4740,226.0,24.6,70.0,38.24694148936168,441.0,1.051,Undersaturated,9600.0,Very Strong,0.24,0.79,1790,0.188,1140.0,630,27.67349999999999,34.292399403874896,156.9115,407.87602499999986,257220.57625,292.9464875000001,3072.1133879781437,0.4589789303079408,0.25912882096070033,0.8457892857142872,0.45,3.5105211267605356,2.2025450000000264,5.7838827838827855,8.780780780780672,33.16212499999998,63000.0,262000.0,0.0,40683.16690442231,2357.9457364341033,4.0,0.0,127519.37224733266,
50eefc8b,3290,14.3,167,1570,143.0,27.2,190.0,5.1,1448.0,1.1261752223634045,Undersaturated,106000.0,Medium,0.128,0.51,140,0.40399999999999997,70.0,120,27.67349999999999,34.292399403874896,156.9115,407.87602499999986,257220.57625,292.9464875000001,188.0,0.4589789303079408,0.2782,0.8457892857142872,0.3672,3.5105211267605356,2.2,1.0,8.780780780780672,33.16212499999998,11000.0,18000.0,0.0,40683.16690442231,2357.9457364341033,17.0,8.0,49129.34555905403,
fe6df865,1540,10.5,106,1200,100.0,21.3,90.0,23.9,502.0,1.03,Undersaturated,107700.0,,0.14300000000000002,0.72,150,0.414,423.3383010432194,100,27.67349999999999,34.292399403874896,156.9115,407.87602499999986,257220.57625,292.9464875000001,68.0,0.4589789303079408,0.25912882096070033,0.9084,0.28,3.5105211267605356,2.2025450000000264,1.0,2.0,33.16212499999998,10000.0,23400.0,0.0,40683.16690442231,2357.9457364341033,17.0,9.0,49129.34555905403,
f9c1fd53,5500,16.4,177,3080,165.0,28.7,180.0,3.6,891.0,1.1261752223634045,Undersaturated,63700.0,Medium,0.198,0.61,210,0.302,160.0,400,27.67349999999999,34.292399403874896,156.9115,407.87602499999986,257220.57625,292.9464875000001,129.0,0.4589789303079408,0.268,0.65,0.5596,2.4,2.2025450000000264,5.7838827838827855,8.780780780780672,33.16212499999998,41000.0,3000.0,0.0,40683.16690442231,2357.9457364341033,17.0,0.0,28553.340538591143,
e829e3e7,9810,26.5,315,4760,221.0,18.8,90.0,9.7,772.0,1.054,Undersaturated,31400.0,Strong,0.258,0.79,1150,0.255,800.0,1550,27.67349999999999,34.292399403874896,156.9115,407.87602499999986,257220.57625,292.9464875000001,65.0,0.4589789303079408,0.25,0.8457892857142872,0.2017,3.5105211267605356,3.222,5.7838827838827855,8.780780780780672,33.16212499999998,139000.0,226800.0,25.67164179104483,40683.16690442231,2357.9457364341033,5.0,9.332857142857154,86214.47425272432,
e0ddecbd,1630,32.8,104,1290,133.0,24.3,130.0,12.5,1588.1898395721917,1.05,Undersaturated,116800.0,Medium,0.105,0.68,250,0.436,110.0,210,27.67349999999999,34.292399403874896,156.9115,407.87602499999986,257220.57625,292.9464875000001,483.0,0.4589789303079408,0.25912882096070033,0.7008,0.17,3.5105211267605356,3.055,2.0,2.0,33.16212499999998,16000.0,300.0,25.67164179104483,40683.16690442231,2357.9457364341033,21.0,0.0,24556.996792436777,
e771e98b,6840,11.3,111,3510,183.0,15.4,20.0,69.2,152.0,1.03,Highly Undersaturated,25100.0,Very Strong,0.262,0.67,1610,0.266,1000.0,240,27.67349999999999,34.292399403874896,156.9115,407.87602499999986,257220.57625,292.9464875000001,13.0,0.4589789303079408,0.25912882096070033,0.91,0.4353,3.3,2.2025450000000264,9.0,11.0,33.16212499999998,25000.0,103200.0,0.0,40683.16690442231,2357.9457364341033,5.0,1.0,49129.34555905403,
d699f316,7020,8.8,156,3010,205.0,45.1,900.0,0.3,2804.0,1.3548,Undersaturated,45300.0,,0.158,0.44,230,0.22399999999999998,180.0,90,27.67349999999999,34.292399403874896,156.9115,407.87602499999986,257220.57625,292.9464875000001,1556.0,0.4589789303079408,0.25912882096070033,0.8457892857142872,0.2,3.5105211267605356,2.2025450000000264,5.7838827838827855,8.780780780780672,33.16212499999998,10000.0,700.0,0.0,40683.16690442231,2357.9457364341033,6.0,0.0,49129.34555905403,
6106e616,4260,19.7,420,2520,139.0,31.9,160.0,3.8,764.0,1.054,Highly Undersaturated,69500.0,Medium,0.18899999999999997,0.38,160,0.314,110.0,490,27.67349999999999,34.292399403874896,156.9115,407.87602499999986,257220.57625,292.9464875000001,122.0,0.4589789303079408,0.2746,0.841,0.5,3.5105211267605356,2.2025450000000264,2.0,8.780780780780672,33.16212499999998,55000.0,70100.0,0.0,40683.16690442231,2357.9457364341033,19.0,12.0,24033.546912625712,
9fba99a5,6340,19.9,380,3350,176.0,45.1,330.0,38.24694148936168,1141.0,1.11,Highly Undersaturated,35800.0,Medium,0.221,0.56,190,0.21100000000000002,170.0,930,27.67349999999999,34.292399403874896,156.9115,407.87602499999986,257220.57625,292.9464875000001,267.0,0.4589789303079408,0.23600000000000002,0.8643,0.2,3.5105211267605356,2.2025450000000264,3.0,8.780780780780672,33.16212499999998,75000.0,0.0,0.0,40683.16690442231,2357.9457364341033,20.0,0.0,23735.276780720742,
810a8d7d,6010,19.7,315,3650,157.0,26.2,140.0,4.8,753.0,1.0529,Undersaturated,49200.0,Weak,0.183,0.52,200,0.27399999999999997,120.0,610,27.67349999999999,34.292399403874896,156.9115,407.87602499999986,257220.57625,292.9464875000001,104.0,0.4589789303079408,0.29,0.851,0.2067,3.5105211267605356,2.2025450000000264,4.0,8.780780780780672,33.16212499999998,75000.0,62700.0,0.0,40683.16690442231,2357.9457364341033,9.0,5.0,52733.08511609794,
277d86c9,4990,12.6,298,2840,165.0,31.6,240.0,2.6,1172.0,1.081,Undersaturated,70000.0,Medium,0.155,0.77,160,0.314,423.3383010432194,440,27.67349999999999,34.292399403874896,156.9115,407.87602499999986,257220.57625,292.9464875000001,180.0,0.4589789303079408,0.27699999999999997,0.8,0.327,3.5105211267605356,1.528,5.7838827838827855,8.780780780780672,33.16212499999998,46100.0,48700.0,0.0,40683.16690442231,2357.9457364341033,9.0,5.0,50372.47586505837,
077d82e0,2450,17.4,381,1500,139.0,44.9,340.0,0.7,1363.0,1.1462,Undersaturated,66500.0,Medium,0.125,0.72,110,0.267,423.3383010432194,700,27.67349999999999,34.292399403874896,156.9115,407.87602499999986,257220.57625,292.9464875000001,338.0,0.4589789303079408,0.25912882096070033,0.9912,0.46,3.5105211267605356,2.2025450000000264,2.0,8.780780780780672,33.16212499999998,55000.0,102300.0,0.0,40683.16690442231,2357.9457364341033,35.0,16.0,49129.34555905403,
00d187d6,4920,22.8,272,2120,165.0,13.8,110.0,38.1,1293.0,1.055,Near Saturation,99800.0,Strong,0.154,0.72,560,0.415,423.3383010432194,640,27.67349999999999,34.292399403874896,156.9115,407.87602499999986,257220.57625,292.9464875000001,86.0,0.4589789303079408,0.2755,0.9279999999999999,0.42,3.5105211267605356,2.77,8.0,8.780780780780672,33.16212499999998,52000.0,120400.0,25.67164179104483,40683.16690442231,2357.9457364341033,11.0,4.0,49129.34555905403,
19cd9638,7110,22.0,203,3520,179.0,31.6,340.0,1.3,1494.0,1.1185,Undersaturated,61000.0,Medium,0.20800000000000002,0.51,230,0.28300000000000003,210.0,460,27.67349999999999,34.292399403874896,156.9115,407.87602499999986,257220.57625,292.9464875000001,432.0,0.4589789303079408,0.25912882096070033,0.9079999999999999,0.26,3.5105211267605356,2.2025450000000264,2.0,8.780780780780672,33.16212499999998,45000.0,400.0,0.0,40683.16690442231,2357.9457364341033,11.0,0.0,46630.4554861658,
b81698ba,8490,20.6,353,4550,188.0,28.5,300.0,1.9,1558.0,1.11,Undersaturated,62233.24099722996,Medium,0.20199999999999999,0.74,240,0.265,180.0,930,27.67349999999999,34.292399403874896,156.9115,407.87602499999986,257220.57625,292.9464875000001,220.0,0.4589789303079408,0.258,0.8457892857142872,0.4623,3.5105211267605356,2.2025450000000264,5.7838827838827855,8.0,33.16212499999998,112000.0,4800.0,0.0,40683.16690442231,2357.9457364341033,10.0,0.0,50305.82095249265,
7a1da302,4480,18.7,220,2880,154.0,24.6,90.0,12.8,525.0,1.04,Undersaturated,63100.0,,0.191,0.69,200,0.3003919270833331,130.0,440,27.67349999999999,34.292399403874896,156.9115,407.87602499999986,257220.57625,292.9464875000001,69.0,0.4589789303079408,0.25912882096070033,0.86,0.3356,3.5105211267605356,2.2025450000000264,2.0,8.780780780780672,33.16212499999998,37000.0,67100.0,0.0,40683.16690442231,2357.9457364341033,18.0,7.0,23490.44164512888,
dc6aa8b6,11950,16.0,266,5990,239.0,26.2,190.0,1.7,1140.0,1.089,Undersaturated,3800.0,Very Strong,0.299,0.65,1090,0.157,1190.0,1080,27.67349999999999,34.292399403874896,156.9115,407.87602499999986,257220.57625,292.9464875000001,146.0,0.4589789303079408,0.21,0.8457892857142872,0.35600000000000004,3.5105211267605356,2.2025450000000264,5.7838827838827855,8.780780780780672,33.16212499999998,95000.0,235400.0,0.0,40683.16690442231,2357.9457364341033,18.025099075297234,0.0,85045.99963168614,
d49ea7ec,6470,18.3,369,3320,177.0,36.1,590.0,0.7,2993.0,1.1261752223634045,Undersaturated,92200.0,Weak,0.135,0.68,180,0.344,110.0,630,27.67349999999999,34.292399403874896,156.9115,407.87602499999986,257220.57625,292.9464875000001,5957.0,0.4589789303079408,0.2586,0.8457892857142872,0.38,3.5105211267605356,2.2025450000000264,4.0,8.780780780780672,33.16212499999998,48000.0,19600.0,100.0,40683.16690442231,2357.9457364341033,9.0,6.0,53254.011337948024,
5a1da72b,5950,17.0,317,2680,199.0,20.1,190.0,7.2,1570.0,1.0815,Near Saturation,80600.0,Strong,0.138,0.86,440,0.366,220.0,460,27.67349999999999,34.292399403874896,156.9115,407.87602499999986,257220.57625,292.9464875000001,290.0,0.4589789303079408,0.25912882096070033,0.8457892857142872,0.1759,3.5105211267605356,2.2025450000000264,9.0,19.0,33.16212499999998,36000.0,34500.0,0.0,40683.16690442231,2357.9457364341033,6.0,0.0,82644.62921594968,
4bf5b99f,5160,11.1,182,2980,135.0,31.1,170.0,2.8,740.0,1.0582,Undersaturated,56900.0,Weak,0.19899999999999998,0.71,190,0.282,130.0,230,27.67349999999999,34.292399403874896,156.9115,407.87602499999986,257220.57625,292.9464875000001,127.0,0.4589789303079408,0.27,0.914,0.5765,3.5105211267605356,2.2025450000000264,3.0,3.0,33.16212499999998,20000.0,27800.0,0.0,40683.16690442231,2357.9457364341033,18.025099075297234,9.332857142857154,49129.34555905403,
4c59bca9,4730,33.4,97,2150,183.0,29.0,130.0,2.7,656.0,1.06,Undersaturated,51800.0,Medium,0.16399999999999998,0.75,430,0.28800000000000003,280.0,430,27.67349999999999,34.292399403874896,156.9115,407.87602499999986,257220.57625,292.9464875000001,98.0,0.4589789303079408,0.25912882096070033,0.9079,0.34043012912482085,3.5105211267605356,2.2025450000000264,2.0,4.0,33.16212499999998,39800.0,1000.0,0.0,40683.16690442231,2357.9457364341033,14.0,0.0,49129.34555905403,
c4d34160,9090,30.1,453,4280,231.0,45.9,1060.0,0.2,3871.0,1.57,Undersaturated,36700.0,Medium,0.20199999999999999,0.67,210,0.193,190.0,2310,27.67349999999999,34.292399403874896,156.9115,407.87602499999986,257220.57625,292.9464875000001,6609.0,0.4589789303079408,0.1957,0.8457892857142872,0.28,3.5105211267605356,2.826,5.7838827838827855,6.0,33.16212499999998,262000.0,0.0,25.67164179104483,40683.16690442231,2357.9457364341033,15.0,3.0,49129.34555905403,
c85d4997,6510,20.5,52,4020,148.0,21.0,347.54914809960695,14.2,820.0,1.046,Full Saturated,62300.0,Weak,0.218,0.72,200,0.311,130.0,190,27.67349999999999,34.292399403874896,156.9115,407.87602499999986,257220.57625,292.9464875000001,89.0,0.4589789303079408,0.29100000000000004,0.8457892857142872,0.23,3.5105211267605356,2.2025450000000264,1.0,1.0,33.16212499999998,14000.0,18400.0,0.0,40683.16690442231,2357.9457364341033,12.0,8.0,35266.30907038052,
cc274e3a,1810,43.8,92,1080,124.0,36.9,347.54914809960695,2.9,233.0,1.03,Undersaturated,58500.0,Medium,0.17,0.67,260,0.295,170.0,400,27.67349999999999,34.292399403874896,156.9115,407.87602499999986,257220.57625,292.9464875000001,117.0,0.4589789303079408,0.25912882096070033,0.922,0.26,3.5105211267605356,2.2025450000000264,5.7838827838827855,2.0,33.16212499999998,48000.0,100.0,25.67164179104483,40683.16690442231,2357.9457364341033,177.0,0.0,49129.34555905403,
ddcf508e,2650,32.8,266,2860,125.0,23.4,340.0,8.8,2588.0,1.089,Near Saturation,120800.0,Weak,0.115,0.72,90,0.43700000000000006,40.0,540,27.67349999999999,34.292399403874896,156.9115,407.87602499999986,257220.57625,292.9464875000001,342.0,0.4589789303079408,0.3064,0.8457892857142872,0.26,3.5105211267605356,2.2025450000000264,5.7838827838827855,8.780780780780672,33.16212499999998,51000.0,100.0,0.0,40683.16690442231,2357.9457364341033,42.0,38.0,11276.31853470188,
62a44ad4,2010,32.9,326,1250,114.0,24.5,160.0,9.8,831.0,1.05,Undersaturated,106700.0,Weak,0.141,0.62,130,0.409,423.3383010432194,800,27.67349999999999,34.292399403874896,156.9115,407.87602499999986,257220.57625,292.9464875000001,117.0,0.4589789303079408,0.25912882096070033,0.8340000000000001,0.37,3.5105211267605356,2.2025450000000264,2.0,3.0,33.16212499999998,64000.0,126900.0,25.67164179104483,40683.16690442231,2357.9457364341033,18.025099075297234,27.0,12558.57268512258,
65084fe2,11300,27.8,83,5750,243.0,19.1,80.0,8.1,734.0,1.0553,Undersaturated,11500.0,Strong,0.278,0.51,1080,0.192,970.0,340,27.67349999999999,34.292399403874896,156.9115,407.87602499999986,257220.57625,292.9464875000001,60.0,0.4589789303079408,0.2518,0.81,0.34043012912482085,3.5105211267605356,2.2025450000000264,5.7838827838827855,8.780780780780672,33.16212499999998,37000.0,53900.0,0.0,40683.16690442231,2357.9457364341033,6.0,0.0,76838.3820770192,
6e2a4223,2210,38.6,251,1080,138.0,43.2,170.0,1.5,570.0,1.057,Highly Undersaturated,64900.0,Medium,0.155,0.59,310,0.299,210.0,920,27.67349999999999,34.292399403874896,156.9115,407.87602499999986,257220.57625,292.9464875000001,410.0,0.4589789303079408,0.242,0.8457892857142872,0.34043012912482085,3.5105211267605356,2.2025450000000264,5.7838827838827855,8.780780780780672,33.16212499999998,90000.0,100.0,0.0,40683.16690442231,2357.9457364341033,50.0,0.0,9197.948423338703,
69864715,6840,20.0,141,3940,155.0,18.6,120.0,31.0,1020.0,1.05,Near Saturation,76700.0,Medium,0.23,0.7,250,0.35200000000000004,200.0,390,27.67349999999999,34.292399403874896,156.9115,407.87602499999986,257220.57625,292.9464875000001,86.0,0.4589789303079408,0.28,0.8,0.49,3.5105211267605356,2.2025450000000264,5.7838827838827855,3.0,33.16212499999998,34000.0,19300.0,0.0,40683.16690442231,2357.9457364341033,10.0,0.0,47351.215386978,
734c5460,11040,29.1,308,5280,251.0,17.7,30.0,10.8,268.0,1.043,Undersaturated,7500.0,Very Strong,0.29600000000000004,0.81,4050,0.187,3640.0,2220,27.67349999999999,34.292399403874896,156.9115,407.87602499999986,257220.57625,292.9464875000001,24.0,0.4589789303079408,0.22,0.848,0.3112,3.5105211267605356,2.2025450000000264,5.7838827838827855,8.780780780780672,33.16212499999998,264100.0,1247000.0,0.0,40683.16690442231,2357.9457364341033,4.0,1.0,125936.0294170052,
709a56fb,10640,25.6,167,5400,227.0,18.9,347.54914809960695,9.2,1015.0,1.1261752223634045,Full Saturated,32400.0,Strong,0.282,0.69,800,0.248,680.0,920,27.67349999999999,34.292399403874896,156.9115,407.87602499999986,257220.57625,292.9464875000001,82.0,0.4589789303079408,0.25912882096070033,0.9444,0.204,3.5105211267605356,2.2025450000000264,5.7838827838827855,8.780780780780672,33.16212499999998,83000.0,62122.82321899733,0.0,40683.16690442231,2357.9457364341033,8.0,0.0,49129.34555905403,
586e5d88,2050,22.4,249,2260,130.0,34.7,380.0,2.7,2065.0,1.08,Undersaturated,118300.0,,0.115,0.83,150,0.42700000000000005,90.0,380,27.67349999999999,34.292399403874896,156.9115,407.87602499999986,257220.57625,292.9464875000001,3072.1133879781437,0.4589789303079408,0.25912882096070033,0.8457892857142872,0.327,3.5105211267605356,2.2025450000000264,2.0,8.780780780780672,33.16212499999998,43000.0,80000.0,0.0,40683.16690442231,2357.9457364341033,26.0,12.0,17512.16262246218,
e85d4dbe,10370,19.5,435,5660,195.0,36.9,420.0,0.9,1711.0,1.15,Undersaturated,25500.0,Weak,0.255,0.37,130,0.191,110.0,820,27.67349999999999,34.292399403874896,156.9115,407.87602499999986,257220.57625,292.9464875000001,318.0,0.4589789303079408,0.254,0.77,0.39399999999999996,3.5105211267605356,2.2025450000000264,1.0,8.780780780780672,33.16212499999998,78000.0,90800.0,25.67164179104483,40683.16690442231,2357.9457364341033,30.0,10.0,16671.605828187894,
e0a942e4,4270,4.7,416,6250,137.0,23.8,347.54914809960695,4.3,5687.0,1.1591,Full Saturated,122700.0,None,0.107,0.57,50,0.44,30.0,90,27.67349999999999,34.292399403874896,156.9115,407.87602499999986,257220.57625,292.9464875000001,963.0,0.4589789303079408,0.304,0.8457892857142872,0.401,3.5105211267605356,1.514,1.0,2.0,33.16212499999998,11000.0,27200.0,0.0,40683.16690442231,2357.9457364341033,9.0,5.0,49027.86701103905,
9a656630,6130,20.7,416,3000,173.0,21.1,130.0,12.2,1104.0,1.058,Undersaturated,75400.0,Medium,0.18899999999999997,0.72,410,0.353,260.0,1150,27.67349999999999,34.292399403874896,156.9115,407.87602499999986,257220.57625,292.9464875000001,100.0,0.4589789303079408,0.2669,0.8190000000000001,0.18600000000000003,3.5105211267605356,2.2025450000000264,10.0,8.780780780780672,33.16212499999998,86000.0,15600.0,0.0,40683.16690442231,2357.9457364341033,9.0,0.0,49129.34555905403,
885b7a1f,8660,35.2,426,4310,202.0,36.9,450.0,0.8,1798.0,1.1611,Undersaturated,47000.0,Medium,0.235,0.4,230,0.24,190.0,1240,27.67349999999999,34.292399403874896,156.9115,407.87602499999986,257220.57625,292.9464875000001,341.0,0.4589789303079408,0.22699999999999998,0.8457892857142872,0.34043012912482085,3.2680000000000002,2.2025450000000264,3.0,8.780780780780672,33.16212499999998,118200.0,600.0,25.67164179104483,40683.16690442231,2357.9457364341033,17.0,0.0,26296.428001800086,
8ff77f29,11850,7.4,405,5940,251.0,32.1,320.0,0.8,1558.0,1.13,Undersaturated,5000.0,Strong,0.285,0.55,860,0.159,790.0,550,27.67349999999999,34.292399403874896,156.9115,407.87602499999986,257220.57625,292.9464875000001,244.0,0.4589789303079408,0.25912882096070033,0.94,0.3,3.5105211267605356,1.96,19.0,8.780780780780672,33.16212499999998,56000.0,209100.0,0.0,40683.16690442231,2357.9457364341033,4.0,0.0,123240.63488450627,
aff77b00,10390,27.0,151,4980,245.0,22.2,110.0,38.24694148936168,795.0,1.062,Undersaturated,22500.0,Very Strong,0.27399999999999997,0.51,1260,0.3003919270833331,423.3383010432194,610,27.67349999999999,34.292399403874896,156.9115,407.87602499999986,257220.57625,292.9464875000001,83.0,0.4589789303079408,0.23,0.8457892857142872,0.2443,3.147,2.2025450000000264,7.0,8.780780780780672,33.16212499999998,64000.0,90300.0,0.0,40683.16690442231,2357.9457364341033,6.0,0.0,82265.7835384336,
ac21799b,11930,14.8,256,5980,238.0,25.3,100.0,2.6,668.0,1.0631,Undersaturated,2000.0,Strong,0.297,0.58,1650,0.154,1480.0,710,27.67349999999999,34.292399403874896,156.9115,407.87602499999986,257220.57625,292.9464875000001,77.0,0.4589789303079408,0.22,0.8457892857142872,0.519,3.5105211267605356,2.2025450000000264,5.7838827838827855,30.0,33.16212499999998,74000.0,381700.0,25.67164179104483,40683.16690442231,2357.9457364341033,4.0,0.0,116579.32330227195,
b9b36082,3090,19.2,295,3580,138.0,15.6,270.0,59.7,3263.0,1.058,Full Saturated,123100.0,Weak,0.109,0.56,190,0.447,80.0,220,27.67349999999999,34.292399403874896,156.9115,407.87602499999986,257220.57625,292.9464875000001,266.0,0.4589789303079408,0.25912882096070033,0.8457892857142872,0.25,3.5105211267605356,2.2025450000000264,2.0,8.780780780780672,33.16212499999998,18000.0,0.0,25.67164179104483,40683.16690442231,2357.9457364341033,16.0,9.0,49129.34555905403,
b6eb6aee,3540,26.1,124,1780,138.0,23.9,180.0,9.0,1634.0,1.08,Undersaturated,108800.0,Weak,0.12300000000000001,0.38,140,0.3003919270833331,60.0,120,27.67349999999999,34.292399403874896,156.9115,407.87602499999986,257220.57625,292.9464875000001,180.0,0.4589789303079408,0.25912882096070033,0.8457892857142872,0.4345,3.5105211267605356,1.9,1.0,1.0,33.16212499999998,13000.0,16900.0,25.67164179104483,40683.16690442231,2357.9457364341033,18.025099075297234,12.0,26553.11495638161,
02a27d75,2780,17.7,122,4450,147.0,42.9,1220.0,0.7,4057.0,1.1692,Undersaturated,106300.0,Weak,0.11900000000000001,0.5,80,0.353,423.3383010432194,100,27.67349999999999,34.292399403874896,156.9115,407.87602499999986,257220.57625,292.9464875000001,1224.0,0.4589789303079408,0.24,0.8457892857142872,0.36,3.5105211267605356,2.49,5.7838827838827855,8.780780780780672,33.16212499999998,9000.0,18400.0,0.0,40683.16690442231,2357.9457364341033,41.0,20.0,11064.182697397107,
1bbe6c9b,10010,22.0,52,4800,241.0,39.4,670.0,0.4,2417.0,1.2498,Undersaturated,34200.0,Strong,0.24100000000000002,0.6,320,0.20800000000000002,310.0,210,27.67349999999999,34.292399403874896,156.9115,407.87602499999986,257220.57625,292.9464875000001,825.0,0.4589789303079408,0.2087,0.8361,0.26,3.5105211267605356,2.4819999999999998,1.0,1.0,33.16212499999998,17000.0,800.0,0.0,40683.16690442231,2357.9457364341033,9.0,0.0,49129.34555905403,
fc1e02c6,9930,23.6,141,5280,217.0,24.6,347.54914809960695,9.2,703.0,1.05,Near Saturation,27800.0,Strong,0.278,0.54,500,0.23199999999999998,430.0,620,27.67349999999999,34.292399403874896,156.9115,407.87602499999986,257220.57625,292.9464875000001,67.0,0.4589789303079408,0.26,0.97,0.34043012912482085,3.5105211267605356,2.2025450000000264,4.0,4.0,33.16212499999998,57000.0,25100.0,0.0,40683.16690442231,2357.9457364341033,8.0,0.0,61581.53909771281,
56e70185,11020,10.2,160,5390,254.0,35.7,320.0,0.7,1381.0,1.127,Undersaturated,11500.0,Very Strong,0.254,0.68,770,0.17300000000000001,720.0,270,27.67349999999999,34.292399403874896,156.9115,407.87602499999986,257220.57625,292.9464875000001,239.0,0.4589789303079408,0.213,0.8457892857142872,0.34043012912482085,3.5105211267605356,2.325,7.0,8.780780780780672,33.16212499999998,23000.0,20500.0,0.0,40683.16690442231,2357.9457364341033,4.0,0.0,106554.66194087641,
59bf0be9,7640,5.9,89,4710,172.0,33.4,270.0,1.5,1083.0,1.089,Undersaturated,38000.0,Weak,0.222,0.61,110,0.221,423.3383010432194,70,27.67349999999999,34.292399403874896,156.9115,407.87602499999986,257220.57625,292.9464875000001,202.0,0.4589789303079408,0.2735,0.88,0.35,3.5105211267605356,2.2025450000000264,1.0,1.0,33.16212499999998,6000.0,2100.0,0.0,40683.16690442231,2357.9457364341033,18.025099075297234,5.0,61651.872490136884,
5a690972,5870,17.8,93,3100,175.0,15.3,30.0,90.2,370.0,1.03,Highly Undersaturated,52800.0,Strong,0.20199999999999999,0.55,860,0.336,470.0,160,27.67349999999999,34.292399403874896,156.9115,407.87602499999986,257220.57625,292.9464875000001,25.0,0.4589789303079408,0.25912882096070033,0.7932,0.17800000000000002,3.5105211267605356,2.2025450000000264,5.7838827838827855,8.780780780780672,33.16212499999998,15000.0,29400.0,0.0,40683.16690442231,2357.9457364341033,5.0,1.0,86798.94738069735,
40a31a07,3320,28.3,418,1730,149.0,24.6,140.0,6.2,761.0,1.051,Undersaturated,82200.0,Medium,0.151,0.63,250,0.358,130.0,990,27.67349999999999,34.292399403874896,156.9115,407.87602499999986,257220.57625,292.9464875000001,259.0,0.4589789303079408,0.2763,0.8457892857142872,0.447,3.5105211267605356,2.2025450000000264,6.0,8.780780780780672,33.16212499999998,71000.0,100.0,0.0,40683.16690442231,2357.9457364341033,17.0,0.0,27332.53045940073,
4375189c,10240,23.4,140,4770,223.0,30.9,590.0,0.8,2898.0,1.224,Near Saturation,53400.0,Very Strong,0.20600000000000002,0.54,480,0.27,370.0,340,27.67349999999999,34.292399403874896,156.9115,407.87602499999986,257220.57625,292.9464875000001,3072.1133879781437,0.4589789303079408,0.25912882096070033,0.953,0.5566,4.453,2.2025450000000264,3.0,4.0,33.16212499999998,28000.0,20600.0,0.0,40683.16690442231,2357.9457364341033,7.0,9.332857142857154,72583.82480934463,
44d91daa,5180,23.2,192,2430,173.0,17.6,40.0,29.6,307.0,1.0329,Undersaturated,42300.0,Very Strong,0.2,0.57,1050,0.303,590.0,500,27.67349999999999,34.292399403874896,156.9115,407.87602499999986,257220.57625,292.9464875000001,27.0,0.4589789303079408,0.2778,0.8627,0.43,3.5105211267605356,2.2025450000000264,5.7838827838827855,12.0,33.16212499999998,59000.0,89700.0,0.0,40683.16690442231,2357.9457364341033,6.0,2.0,83566.5821880335,
6c2d16d9,3010,32.4,375,1550,161.0,22.1,150.0,38.24694148936168,1412.0,1.0735,Undersaturated,106500.0,Strong,0.11199999999999999,0.7,420,0.418,423.3383010432194,690,27.67349999999999,34.292399403874896,156.9115,407.87602499999986,257220.57625,292.9464875000001,142.0,0.4589789303079408,0.2574,0.9520000000000001,0.3108,3.5105211267605356,2.2025450000000264,5.7838827838827855,8.780780780780672,33.16212499999998,79000.0,6900.0,0.0,40683.16690442231,2357.9457364341033,14.0,0.0,32393.99891698392,
c6d4159a,9210,14.9,50,7470,212.0,45.5,2500.0,0.2,6781.0,1.6855,Near Saturation,48300.0,Weak,0.233,0.74,190,0.3003919270833331,423.3383010432194,150,27.67349999999999,34.292399403874896,156.9115,407.87602499999986,257220.57625,292.9464875000001,31517.0,0.4589789303079408,0.25912882096070033,0.8457892857142872,0.23,3.5105211267605356,2.2025450000000264,5.7838827838827855,8.780780780780672,33.16212499999998,14000.0,1300.0,100.0,40683.16690442231,2357.9457364341033,10.0,9.332857142857154,41936.33529350627,
c2ae1237,11750,40.4,244,5760,237.0,22.1,110.0,4.4,896.0,1.0657,Undersaturated,8300.0,Very Strong,0.294,0.44,3020,0.18,3140.0,1340,27.67349999999999,34.292399403874896,156.9115,407.87602499999986,257220.57625,292.9464875000001,82.0,0.4589789303079408,0.20199999999999999,0.754,0.34043012912482085,3.5105211267605356,1.88,17.0,33.0,33.16212499999998,109000.0,267700.0,0.0,40683.16690442231,2357.9457364341033,5.0,0.0,92742.10352421623,
dbb203d9,5980,18.0,344,3050,187.0,31.1,50.0,3.1,203.0,1.03,Highly Undersaturated,18100.0,Strong,0.258,0.69,730,0.204,550.0,1020,27.67349999999999,34.292399403874896,156.9115,407.87602499999986,257220.57625,292.9464875000001,38.0,0.4589789303079408,0.2513,0.703,0.38,3.5105211267605356,2.2025450000000264,11.0,8.780780780780672,33.16212499999998,85000.0,57300.0,0.0,40683.16690442231,2357.9457364341033,8.0,0.0,63027.3868129254,
1e153d57,4130,24.6,174,5010,151.0,37.9,347.54914809960695,0.8,4531.0,1.2226,Undersaturated,114800.0,Weak,0.111,0.67,80,0.3003919270833331,50.0,260,27.67349999999999,34.292399403874896,156.9115,407.87602499999986,257220.57625,292.9464875000001,17711.0,0.4589789303079408,0.26,0.701,0.22,3.5105211267605356,1.85,1.0,1.0,33.16212499999998,29000.0,24500.0,100.0,40683.16690442231,2357.9457364341033,25.0,24.0,16763.93724937504,
1a6f3afa,8080,36.7,47,5230,197.0,42.6,1220.0,38.24694148936168,4748.0,1.5619999999999998,Undersaturated,62233.24099722996,Weak,0.121,0.74,140,0.294,90.0,140,27.67349999999999,34.292399403874896,156.9115,407.87602499999986,257220.57625,292.9464875000001,4963.0,0.4589789303079408,0.2527,0.9326,0.4796,3.5105211267605356,2.2025450000000264,0.0,8.780780780780672,33.16212499999998,12000.0,0.0,0.0,40683.16690442231,2357.9457364341033,19.0,15.0,25988.411622601987,
15373096,2180,12.2,122,1180,126.0,38.0,347.54914809960695,1.2,747.0,1.0759999999999998,Undersaturated,65400.0,Medium,0.146,0.77,160,0.285,423.3383010432194,140,27.67349999999999,34.292399403874896,156.9115,407.87602499999986,257220.57625,292.9464875000001,604.0,0.4589789303079408,0.2506,0.8078,0.34043012912482085,3.5105211267605356,2.296,5.7838827838827855,2.0,33.16212499999998,10000.0,0.0,0.0,40683.16690442231,2357.9457364341033,16.0,0.0,30005.377298499297,
a6d2223b,9090,24.8,350,5300,180.0,19.1,80.0,22.8,597.0,1.04,Undersaturated,35700.0,Medium,0.27399999999999997,0.56,280,0.251,190.0,1500,27.67349999999999,34.292399403874896,156.9115,407.87602499999986,257220.57625,292.9464875000001,57.0,0.4589789303079408,0.25912882096070033,0.897,0.466,3.5105211267605356,2.2025450000000264,5.0,8.780780780780672,33.16212499999998,115000.0,173900.0,0.0,40683.16690442231,2357.9457364341033,12.0,9.332857142857154,40044.25912802835,
a98a2857,4500,22.7,154,2510,142.0,35.9,410.0,1.1,1588.1898395721917,1.13,Undersaturated,73700.0,Weak,0.187,0.52,110,0.295,90.0,320,27.67349999999999,34.292399403874896,156.9115,407.87602499999986,257220.57625,292.9464875000001,308.0,0.4589789303079408,0.25912882096070033,0.8457892857142872,0.369,3.5105211267605356,2.2025450000000264,5.7838827838827855,8.780780780780672,33.16212499999998,28000.0,23400.0,0.0,40683.16690442231,2357.9457364341033,28.0,20.0,15780.1566809183,
b86236e3,10920,16.0,310,5620,205.0,37.1,250.0,0.8,1588.1898395721917,1.099,Undersaturated,10100.0,Medium,0.29100000000000004,0.645359394703657,400,0.165,423.3383010432194,550,27.67349999999999,34.292399403874896,156.9115,407.87602499999986,257220.57625,292.9464875000001,191.0,0.4589789303079408,0.22,0.89,0.3239,3.5105211267605356,2.2025450000000264,4.0,8.780780780780672,33.16212499999998,45000.0,4100.0,25.67164179104483,40683.16690442231,2357.9457364341033,6.0,9.332857142857154,49129.34555905403,
bc18314e,8800,26.9,227,3730,214.0,42.8,830.0,0.3,3384.0,1.435,Undersaturated,47700.0,Medium,0.159,0.66,220,0.225,170.0,580,27.67349999999999,34.292399403874896,156.9115,407.87602499999986,257220.57625,292.9464875000001,4418.0,0.4589789303079408,0.25912882096070033,0.8889,0.3543,3.5105211267605356,2.42,3.0,8.780780780780672,33.16212499999998,56000.0,0.0,25.67164179104483,40683.16690442231,2357.9457364341033,8.0,2.0,49129.34555905403,
93403f0b,3010,22.3,177,1860,122.0,19.3,70.0,39.4,548.0,1.0311,Undersaturated,87900.0,Medium,0.177,0.67,210,0.381,423.3383010432194,360,27.67349999999999,34.292399403874896,156.9115,407.87602499999986,257220.57625,292.9464875000001,54.0,0.4589789303079408,0.3,0.782,0.581,3.5105211267605356,2.289,2.0,3.0,33.16212499999998,39300.0,1600.0,0.0,40683.16690442231,2357.9457364341033,19.0,0.0,49129.34555905403,
986232ca,10900,10.4,105,5470,222.0,14.5,130.0,16.0,1837.0,1.071,Full Saturated,62100.0,Strong,0.231,0.5,950,0.34600000000000003,570.0,110,27.67349999999999,34.292399403874896,156.9115,407.87602499999986,257220.57625,292.9464875000001,97.0,0.4589789303079408,0.25912882096070033,0.93,0.265,3.5105211267605356,2.2025450000000264,3.0,5.0,33.16212499999998,10000.0,62122.82321899733,0.0,40683.16690442231,2357.9457364341033,5.0,1.0,101046.41495553078,
8e262948,6300,15.6,118,4630,127.0,25.5,280.0,7.2,1557.0,1.079,Near Saturation,90600.0,None,0.24,0.82,90,0.34600000000000003,80.0,300,27.67349999999999,34.292399403874896,156.9115,407.87602499999986,257220.57625,292.9464875000001,3072.1133879781437,0.4589789303079408,0.304,0.8669,0.47,3.5105211267605356,2.2025450000000264,1.0,1.0,33.16212499999998,30500.0,33300.0,0.0,40683.16690442231,2357.9457364341033,23.0,13.0,21105.530260633623,
86d22612,5340,12.2,434,2070,191.0,27.0,250.0,2.9,1525.0,1.1,Undersaturated,83900.0,Strong,0.158,0.62,440,0.36200000000000004,330.0,370,27.67349999999999,34.292399403874896,156.9115,407.87602499999986,257220.57625,292.9464875000001,187.0,0.4589789303079408,0.24,0.8457892857142872,0.37,3.5105211267605356,2.2025450000000264,5.7838827838827855,8.780780780780672,33.16212499999998,36000.0,39700.0,0.0,40683.16690442231,2357.9457364341033,6.0,0.0,84677.74159061664,
817e2324,10690,6.9,43,5320,221.0,15.4,30.0,19.2,1588.1898395721917,1.0406,Highly Undersaturated,9900.0,Very Strong,0.29,0.75,2620,0.201,1900.0,60,27.67349999999999,34.292399403874896,156.9115,407.87602499999986,257220.57625,292.9464875000001,20.0,0.4589789303079408,0.249,0.8989,0.34043012912482085,3.5105211267605356,2.2025450000000264,7.0,9.0,33.16212499999998,7000.0,66300.0,0.0,40683.16690442231,2357.9457364341033,4.0,1.0,126844.12680619134,
329b3189,8810,11.2,91,4930,174.0,40.0,260.0,1.1,999.0,1.1261752223634045,Undersaturated,25100.0,Medium,0.261,0.71,180,0.19399999999999998,170.0,180,27.67349999999999,34.292399403874896,156.9115,407.87602499999986,257220.57625,292.9464875000001,192.0,0.4589789303079408,0.25912882096070033,0.68,0.34043012912482085,3.5105211267605356,2.2025450000000264,1.0,1.0,33.16212499999998,19000.0,20700.0,25.67164179104483,40683.16690442231,2357.9457364341033,11.0,6.0,42036.60505828024,
3e15397e,8240,19.6,71,3400,233.0,40.3,280.0,0.6,1050.0,1.11,Highly Undersaturated,19200.0,Strong,0.223,0.67,780,0.18899999999999997,610.0,240,27.67349999999999,34.292399403874896,156.9115,407.87602499999986,257220.57625,292.9464875000001,207.0,0.4589789303079408,0.25912882096070033,0.8959999999999999,0.2,3.5105211267605356,2.2025450000000264,3.0,8.780780780780672,33.16212499999998,24000.0,13400.0,0.0,40683.16690442231,2357.9457364341033,7.0,0.0,62215.95116031406,
27092890,6770,19.1,336,3980,156.0,39.0,660.0,0.7,2133.0,1.219,Undersaturated,63700.0,Weak,0.237,0.49,160,0.252,130.0,690,27.67349999999999,34.292399403874896,156.9115,407.87602499999986,257220.57625,292.9464875000001,497.0,0.4589789303079408,0.24,0.6677,0.551,3.5105211267605356,2.2025450000000264,2.0,8.780780780780672,33.16212499999998,74400.0,72800.0,0.0,40683.16690442231,2357.9457364341033,20.0,9.332857142857154,25743.22092479415,
43a6f3b8,3490,25.3,465,2380,118.0,21.8,160.0,17.7,1029.0,1.05,Undersaturated,103100.0,Weak,0.203,0.72,190,0.397,140.0,1530,27.67349999999999,34.292399403874896,156.9115,407.87602499999986,257220.57625,292.9464875000001,119.0,0.4589789303079408,0.25912882096070033,0.8457892857142872,0.3333,3.5105211267605356,2.2025450000000264,5.0,6.0,33.16212499999998,130800.0,150900.0,0.0,40683.16690442231,2357.9457364341033,20.0,13.0,22538.107219283993,
440af68e,3390,16.0,44,1680,154.0,13.5,30.0,273.0,402.0,1.03,Undersaturated,92400.0,Strong,0.172,0.74,680,0.414,320.0,80,27.67349999999999,34.292399403874896,156.9115,407.87602499999986,257220.57625,292.9464875000001,26.0,0.4589789303079408,0.25912882096070033,0.95,0.317,3.5105211267605356,2.2025450000000264,5.7838827838827855,8.780780780780672,33.16212499999998,6000.0,14800.0,0.0,40683.16690442231,2357.9457364341033,8.0,3.0,53321.468083932996,
bdcb6dfa,5050,19.1,114,2510,167.0,33.0,200.0,1.6,885.0,1.074,Undersaturated,52400.0,Medium,0.16699999999999998,0.62,270,0.273,170.0,210,27.67349999999999,34.292399403874896,156.9115,407.87602499999986,257220.57625,292.9464875000001,200.0,0.4589789303079408,0.256,0.9317,0.231,3.5105211267605356,2.2025450000000264,2.0,2.0,33.16212499999998,26000.0,600.0,25.67164179104483,40683.16690442231,2357.9457364341033,12.0,0.0,35994.85943300533,
55e2e83a,9510,18.2,189,4690,226.0,34.2,347.54914809960695,0.7,1058.0,1.1045,Undersaturated,15100.0,Medium,0.23600000000000002,0.55,530,0.179,420.0,430,27.67349999999999,34.292399403874896,156.9115,407.87602499999986,257220.57625,292.9464875000001,199.0,0.4589789303079408,0.25912882096070033,0.64,0.43,3.813,2.2025450000000264,4.0,6.0,33.16212499999998,42000.0,22000.0,0.0,40683.16690442231,2357.9457364341033,6.0,0.0,80681.74420770665,
ba6768cc,7550,12.5,51,3720,188.0,12.1,20.0,95.7,1588.1898395721917,1.0322,Highly Undersaturated,45700.0,Very Strong,0.243,0.74,1940,0.345,1050.0,110,27.67349999999999,34.292399403874896,156.9115,407.87602499999986,257220.57625,292.9464875000001,12.0,0.4589789303079408,0.25912882096070033,0.909,0.48200000000000004,3.5105211267605356,2.2025450000000264,6.0,7.0,33.16212499999998,11000.0,66700.0,0.0,40683.16690442231,2357.9457364341033,4.0,1.0,126007.52203204027,
5ec0e5fb,4710,25.7,145,3000,141.0,35.1,130.0,2.8,496.0,1.043,Highly Undersaturated,50100.0,Weak,0.248,0.45,160,0.258,140.0,380,27.67349999999999,34.292399403874896,156.9115,407.87602499999986,257220.57625,292.9464875000001,97.0,0.4589789303079408,0.25912882096070033,0.93,0.45,3.5105211267605356,2.2025450000000264,1.0,1.0,33.16212499999998,28000.0,47500.0,25.67164179104483,40683.16690442231,2357.9457364341033,33.0,9.332857142857154,15182.549279078377,
ea89f260,5620,19.1,345,2650,186.0,17.2,160.0,15.6,1527.0,1.069,Near Saturation,90300.0,Medium,0.147,0.77,360,0.389,210.0,570,27.67349999999999,34.292399403874896,156.9115,407.87602499999986,257220.57625,292.9464875000001,122.0,0.4589789303079408,0.28,0.9841,0.391,3.5105211267605356,2.2025450000000264,6.0,10.0,33.16212499999998,44000.0,66900.0,0.0,40683.16690442231,2357.9457364341033,8.0,3.0,54366.96143626541,
09827a61,8220,25.7,237,3950,187.0,42.5,360.0,0.6,1588.1898395721917,1.13,Undersaturated,21100.0,Medium,0.254,0.645359394703657,350,0.182,320.0,810,27.67349999999999,34.292399403874896,156.9115,407.87602499999986,257220.57625,292.9464875000001,269.0,0.4589789303079408,0.212,0.7559999999999999,0.182,3.5105211267605356,1.58,5.7838827838827855,8.780780780780672,33.16212499999998,68000.0,2700.0,0.0,40683.16690442231,2357.9457364341033,14.0,0.0,49129.34555905403,
e607fa97,1970,6.3,329,1480,99.0,17.5,130.0,48.9,1361.0,1.0490000000000002,Near Saturation,62233.24099722996,Weak,0.135,0.72,90,0.441,423.3383010432194,140,27.67349999999999,34.292399403874896,156.9115,407.87602499999986,257220.57625,292.9464875000001,127.0,0.4589789303079408,0.25912882096070033,0.8335,0.34043012912482085,3.5105211267605356,2.2025450000000264,5.7838827838827855,8.780780780780672,33.16212499999998,16800.0,29300.0,0.0,40683.16690442231,2357.9457364341033,14.0,7.0,33434.286825744704,
0e2e7f57,11880,13.1,179,5920,252.0,20.0,80.0,6.4,1588.1898395721917,1.06,Undersaturated,3400.0,Very Strong,0.29,0.5,3690,0.16399999999999998,2740.0,330,27.67349999999999,34.292399403874896,156.9115,407.87602499999986,257220.57625,292.9464875000001,61.0,0.4589789303079408,0.2186,0.8457892857142872,0.4,3.5105211267605356,2.2025450000000264,5.7838827838827855,8.780780780780672,33.16212499999998,37000.0,277600.0,25.67164179104483,40683.16690442231,2357.9457364341033,4.0,0.0,116524.75411403865,
e27dfd3a,6730,20.42978177150193,99,4090,166.0,39.1,1110.0,0.5,3323.0,1.4,Undersaturated,81700.0,Weak,0.19,0.76,90,0.29100000000000004,80.0,250,27.67349999999999,34.292399403874896,156.9115,407.87602499999986,257220.57625,292.9464875000001,5937.0,0.4589789303079408,0.25912882096070033,0.904,0.34043012912482085,2.431,2.2025450000000264,0.0,8.780780780780672,33.16212499999998,19000.0,100.0,100.0,40683.16690442231,2357.9457364341033,21.0,15.0,22671.153898906363,
0df87dcc,10280,16.3,149,5230,214.0,15.5,20.0,38.5,207.0,1.04,Highly Undersaturated,15900.0,,0.29100000000000004,0.63,2120,0.233,1740.0,480,27.67349999999999,34.292399403874896,156.9115,407.87602499999986,257220.57625,292.9464875000001,15.0,0.4589789303079408,0.2629,0.9792,0.48,3.5105211267605356,2.2025450000000264,15.0,8.780780780780672,33.16212499999998,45000.0,233500.0,0.0,40683.16690442231,2357.9457364341033,4.0,1.0,123704.42974151086,
13486914,8110,9.6,148,3810,206.0,32.1,430.0,0.9,1911.0,1.1583,Near Saturation,57100.0,Strong,0.201,0.62,290,0.273,240.0,200,27.67349999999999,34.292399403874896,156.9115,407.87602499999986,257220.57625,292.9464875000001,472.0,0.4589789303079408,0.23,0.85,0.36,2.137,2.2025450000000264,2.0,8.780780780780672,33.16212499999998,22000.0,5200.0,0.0,40683.16690442231,2357.9457364341033,7.0,0.0,68643.38004272847,
37326a90,4510,26.3,102,8280,143.0,41.4,2780.0,0.6,7543.0,1.2654,Full Saturated,118200.0,None,0.105,0.77,60,0.405,30.0,170,27.67349999999999,34.292399403874896,156.9115,407.87602499999986,257220.57625,292.9464875000001,3072.1133879781437,0.4589789303079408,0.252,0.8457892857142872,0.239,3.5105211267605356,1.702,5.7838827838827855,8.780780780780672,33.16212499999998,11000.0,46200.0,200.0,40683.16690442231,2357.9457364341033,44.0,26.0,10034.516050274728,
db61e8fd,2740,34.0,91,1480,121.0,20.3,70.0,27.0,474.0,1.0318,Undersaturated,62233.24099722996,Medium,0.172,0.71,330,0.382,190.0,270,27.67349999999999,34.292399403874896,156.9115,407.87602499999986,257220.57625,292.9464875000001,52.0,0.4589789303079408,0.25912882096070033,0.7996,0.2252,3.5105211267605356,2.2025450000000264,2.0,2.0,33.16212499999998,20000.0,400.0,0.0,40683.16690442231,2357.9457364341033,18.0,0.0,24991.95675885421,
309e6fa6,4970,10.9,399,1920,191.0,41.7,410.0,0.4,1752.0,1.21,Undersaturated,48100.0,Medium,0.166,0.77,250,0.228,220.0,570,27.67349999999999,34.292399403874896,156.9115,407.87602499999986,257220.57625,292.9464875000001,1113.0,0.4589789303079408,0.20800000000000002,0.77,0.385,3.5105211267605356,2.2025450000000264,5.0,8.780780780780672,33.16212499999998,55200.0,62122.82321899733,100.0,40683.16690442231,2357.9457364341033,11.0,0.0,40675.896492239015,
3bbc6267,7960,20.8,110,4570,169.0,13.8,50.0,113.9,555.0,1.0349,Undersaturated,57000.0,Medium,0.244,0.7,450,0.33399999999999996,310.0,360,27.67349999999999,34.292399403874896,156.9115,407.87602499999986,257220.57625,292.9464875000001,35.0,0.4589789303079408,0.302,0.69,0.31,3.5105211267605356,2.2025450000000264,2.0,4.0,33.16212499999998,36000.0,55100.0,25.67164179104483,40683.16690442231,2357.9457364341033,10.0,4.0,49129.34555905403,
d395e7a7,1820,22.9,213,3780,131.0,40.3,940.0,1.0,3436.0,1.11,Undersaturated,114300.0,Weak,0.102,0.84,80,0.39899999999999997,30.0,270,27.67349999999999,34.292399403874896,156.9115,407.87602499999986,257220.57625,292.9464875000001,11492.0,0.4589789303079408,0.2684,0.8457892857142872,0.34043012912482085,3.5105211267605356,2.2025450000000264,5.7838827838827855,2.0,33.16212499999998,28000.0,35200.0,100.0,40683.16690442231,2357.9457364341033,29.0,25.0,17681.109167933704,
21767112,8470,35.6,192,4580,181.0,39.7,120.0,1.2,376.0,1.0498,Highly Undersaturated,62233.24099722996,Medium,0.289,0.8,380,0.168,400.0,1940,27.67349999999999,34.292399403874896,156.9115,407.87602499999986,257220.57625,292.9464875000001,87.0,0.4589789303079408,0.23,0.85,0.25,5.02,2.2025450000000264,5.7838827838827855,8.780780780780672,33.16212499999998,235100.0,1100.0,25.67164179104483,40683.16690442231,2357.9457364341033,16.0,0.0,26317.873207174125,
cd25f37f,11120,26.2,228,5050,243.0,16.2,170.0,6.9,1791.0,1.0858,Full Saturated,35200.0,Very Strong,0.22399999999999998,0.45,2660,0.276,1720.0,640,27.67349999999999,34.292399403874896,156.9115,407.87602499999986,257220.57625,292.9464875000001,124.0,0.4589789303079408,0.2214,0.8457892857142872,0.265,3.5105211267605356,2.2025450000000264,16.0,8.780780780780672,33.16212499999998,59000.0,37200.0,0.0,40683.16690442231,2357.9457364341033,5.0,1.0,100673.23602161603,
7d16e349,2230,5.0,172,3010,120.0,45.4,760.0,38.24694148936168,2720.0,1.1608,Undersaturated,96400.0,Weak,0.113,0.48,60,0.324,40.0,50,27.67349999999999,34.292399403874896,156.9115,407.87602499999986,257220.57625,292.9464875000001,3072.1133879781437,0.4589789303079408,0.25912882096070033,0.9390000000000001,0.309,3.5105211267605356,2.2025450000000264,0.0,8.780780780780672,33.16212499999998,6000.0,15200.0,25.67164179104483,40683.16690442231,2357.9457364341033,16.0,10.0,49129.34555905403,
96e96412,9000,15.5,160,4710,216.0,38.1,1280.0,0.3,3752.0,1.49,Near Saturation,41100.0,,0.16399999999999998,0.53,120,0.20800000000000002,100.0,230,27.67349999999999,34.292399403874896,156.9115,407.87602499999986,257220.57625,292.9464875000001,8464.0,0.4589789303079408,0.25912882096070033,0.9109999999999999,0.19,3.5105211267605356,2.2025450000000264,1.0,8.780780780780672,33.16212499999998,20600.0,1000.0,100.0,40683.16690442231,2357.9457364341033,10.0,9.332857142857154,51419.507941980846,
9e1d6b48,11750,15.1,73,5940,238.0,32.9,50.0,1.2,172.0,1.05,Highly Undersaturated,1300.0,Very Strong,0.3,0.66,1660,0.151,1530.0,240,27.67349999999999,34.292399403874896,156.9115,407.87602499999986,257220.57625,292.9464875000001,37.0,0.4589789303079408,0.21,0.67,0.34043012912482085,3.5105211267605356,2.2025450000000264,6.0,8.780780780780672,33.16212499999998,19000.0,79000.0,0.0,40683.16690442231,2357.9457364341033,5.0,0.0,85696.69181848294,
724ee925,5220,23.4,374,3080,155.0,46.2,760.0,0.4,2792.0,1.38,Undersaturated,54800.0,Weak,0.2,0.58,130,0.214,110.0,1140,27.67349999999999,34.292399403874896,156.9115,407.87602499999986,257220.57625,292.9464875000001,6029.0,0.4589789303079408,0.21899999999999997,0.9356,0.1482,3.5105211267605356,1.91,2.0,3.0,33.16212499999998,52979.790026246745,39300.0,300.0,40683.16690442231,2357.9457364341033,30.0,29.0,14578.173639064773,
7634ee88,4910,13.3,52,3310,129.0,31.4,750.0,1.6,3218.0,1.1261752223634045,Near Saturation,111100.0,Weak,0.152,0.57,80,0.39799999999999996,50.0,40,27.67349999999999,34.292399403874896,156.9115,407.87602499999986,257220.57625,292.9464875000001,564.0,0.4589789303079408,0.28800000000000003,0.8735,0.2417,3.5105211267605356,2.2025450000000264,0.0,8.780780780780672,33.16212499999998,3600.0,62122.82321899733,0.0,40683.16690442231,2357.9457364341033,13.0,7.0,33617.92035248364,
885970ca,1300,23.7,100,1170,98.0,21.3,10.0,93.7,3.0,1.0148,Very Highly Undersaturated,66800.0,Weak,0.239,0.64,170,0.3003919270833331,423.3383010432194,310,27.67349999999999,34.292399403874896,156.9115,407.87602499999986,257220.57625,292.9464875000001,8.0,0.4589789303079408,0.25912882096070033,0.97,0.2868,3.5105211267605356,2.2025450000000264,1.0,1.0,33.16212499999998,33000.0,65400.0,25.67164179104483,40683.16690442231,2357.9457364341033,61.0,31.0,7680.029891618551,
80ad7f90,11530,6.9,54,5770,235.0,40.7,580.0,0.4,2053.0,1.22,Undersaturated,6000.0,Strong,0.26899999999999996,0.77,520,0.157,500.0,80,27.67349999999999,34.292399403874896,156.9115,407.87602499999986,257220.57625,292.9464875000001,438.0,0.4589789303079408,0.2041,0.96,0.28,3.5105211267605356,2.2025450000000264,2.0,8.780780780780672,33.16212499999998,9000.0,14700.0,25.67164179104483,40683.16690442231,2357.9457364341033,4.0,9.332857142857154,124780.78062740533,
6cfefdfd,4010,16.3,300,1890,144.0,12.4,347.54914809960695,512.4,1.0,1.0217,Near Saturation,39400.0,Very Strong,0.282,0.44,2730,0.33299999999999996,1910.0,510,27.67349999999999,34.292399403874896,156.9115,407.87602499999986,257220.57625,292.9464875000001,4.0,0.4589789303079408,0.2835,0.8457892857142872,0.21,3.5105211267605356,2.2025450000000264,5.7838827838827855,39.0,33.16212499999998,42000.0,164500.0,0.0,40683.16690442231,2357.9457364341033,5.0,1.0,101409.10122344038,
6f28ff66,10240,20.2,206,5520,208.0,28.24155019059721,270.0,1.1,1103.0,1.0985,Undersaturated,19900.0,Medium,0.27899999999999997,0.46,220,0.184,210.0,530,27.67349999999999,34.292399403874896,156.9115,407.87602499999986,257220.57625,292.9464875000001,202.0,0.4589789303079408,0.25912882096070033,0.909,0.273,3.5105211267605356,2.2025450000000264,2.0,8.780780780780672,33.16212499999998,42000.0,52100.0,0.0,40683.16690442231,2357.9457364341033,11.0,7.0,46659.499774153606,
b8b1ddc7,11630,14.7,274,5770,175.90724269377387,16.6,60.0,11.3,703.0,1.05,Undersaturated,8800.0,Very Strong,0.285,0.53,2680,0.191,2380.0,620,27.67349999999999,34.292399403874896,156.9115,407.87602499999986,257220.57625,292.9464875000001,46.0,0.4589789303079408,0.235,0.866,0.41,3.5105211267605356,2.2025450000000264,5.7838827838827855,8.780780780780672,33.16212499999998,51000.0,464500.0,0.0,40683.16690442231,2357.9457364341033,4.0,9.332857142857154,49129.34555905403,
586c575d,5420,37.2,159,2810,161.0,24.3,280.0,4.2,1645.0,1.0944,Near Saturation,91900.0,Medium,0.182,0.68,170,0.369,130.0,570,27.67349999999999,34.292399403874896,156.9115,407.87602499999986,257220.57625,292.9464875000001,670.0,0.4589789303079408,0.25912882096070033,0.813,0.2933,3.5105211267605356,1.96,5.7838827838827855,8.780780780780672,33.16212499999998,55000.0,800.0,0.0,40683.16690442231,2357.9457364341033,25.0,0.0,17568.034288012655,
b43fd530,11990,20.3,45,5990,248.0,42.2,450.0,0.5,1734.0,1.173,Undersaturated,1400.0,Very Strong,0.298,0.52,1710,0.151,423.3383010432194,180,27.67349999999999,34.292399403874896,156.9115,407.87602499999986,257220.57625,292.9464875000001,337.0,0.4589789303079408,0.187,0.63,0.39,3.5105211267605356,1.63,3.0,8.780780780780672,33.16212499999998,13000.0,39500.0,0.0,40683.16690442231,2357.9457364341033,5.0,9.332857142857154,96190.78729036963,
b045d29d,2870,16.6,422,3920,118.0,42.1,950.0,38.24694148936168,3558.0,1.21,Undersaturated,114900.0,Weak,0.11599999999999999,0.75,40,0.395,30.0,420,27.67349999999999,34.292399403874896,156.9115,407.87602499999986,257220.57625,292.9464875000001,12308.0,0.4589789303079408,0.2806,0.7142,0.457,3.5105211267605356,2.2025450000000264,1.0,8.780780780780672,33.16212499999998,38000.0,57700.0,100.0,40683.16690442231,2357.9457364341033,49.0,42.0,49129.34555905403,
5fc0526b,6410,16.3,291,4110,149.0,42.2,347.54914809960695,0.9,1292.0,1.13,Undersaturated,35400.0,Weak,0.248,0.63,140,0.196,140.0,670,27.67349999999999,34.292399403874896,156.9115,407.87602499999986,257220.57625,292.9464875000001,314.0,0.4589789303079408,0.25,0.8457892857142872,0.3614,3.5105211267605356,2.2025450000000264,2.0,3.0,33.16212499999998,61600.0,63200.0,0.0,40683.16690442231,2357.9457364341033,13.0,9.0,34108.764073871025,
a601c91f,5240,18.7,71,2380,164.0,25.1,150.0,6.1,1588.1898395721917,1.0590000000000002,Undersaturated,62233.24099722996,Medium,0.204,0.8,400,0.34700000000000003,310.0,200,27.67349999999999,34.292399403874896,156.9115,407.87602499999986,257220.57625,292.9464875000001,113.0,0.4589789303079408,0.25912882096070033,0.8457892857142872,0.42,3.5105211267605356,2.2025450000000264,5.7838827838827855,8.780780780780672,33.16212499999998,15000.0,3700.0,0.0,40683.16690442231,2357.9457364341033,15.0,0.0,27574.644460076237,
a5d7cb84,5360,33.6,139,3460,150.0,18.2,310.0,16.3,2399.0,1.1,Full Saturated,108400.0,Weak,0.152,0.72,160,0.41100000000000003,100.0,430,27.67349999999999,34.292399403874896,156.9115,407.87602499999986,257220.57625,292.9464875000001,229.0,0.4589789303079408,0.31,0.8696,0.2852,3.5105211267605356,2.2025450000000264,5.7838827838827855,8.780780780780672,33.16212499999998,30600.0,100.0,0.0,40683.16690442231,2357.9457364341033,18.0,13.0,49129.34555905403,
a27bceb2,1940,20.42978177150193,150,3060,112.0,32.3,560.0,2.7,2784.0,1.09,Undersaturated,121800.0,,0.113,0.6,70,0.435,40.0,210,27.67349999999999,34.292399403874896,156.9115,407.87602499999986,257220.57625,292.9464875000001,557.0,0.4589789303079408,0.25912882096070033,0.89,0.245,3.5105211267605356,2.2025450000000264,0.0,1.0,33.16212499999998,52979.790026246745,46100.0,0.0,40683.16690442231,2357.9457364341033,18.025099075297234,32.0,8362.517842058733,
450a411e,9390,19.8,398,4140,224.0,33.0,170.0,1.2,763.0,1.0761,Highly Undersaturated,20600.0,Very Strong,0.266,0.56,990,0.201,920.0,1500,27.67349999999999,34.292399403874896,156.9115,407.87602499999986,257220.57625,292.9464875000001,126.0,0.4589789303079408,0.2097,0.7069,0.3989,3.5105211267605356,1.944,5.7838827838827855,8.780780780780672,33.16212499999998,167000.0,167100.0,0.0,40683.16690442231,2357.9457364341033,7.0,0.0,69212.69377677319,
42a64428,2600,17.5,298,2100,112.0,41.6,500.0,0.8,1924.0,1.2,Undersaturated,90500.0,Weak,0.147,0.64,70,0.31,60.0,430,27.67349999999999,34.292399403874896,156.9115,407.87602499999986,257220.57625,292.9464875000001,9811.0,0.4589789303079408,0.258,0.8457892857142872,0.3,3.5105211267605356,2.2025450000000264,1.0,8.780780780780672,33.16212499999998,33000.0,0.0,100.0,40683.16690442231,2357.9457364341033,38.0,41.0,11038.559498327728,
417046b3,1480,31.4,130,1050,107.0,13.1,30.0,1629.9,291.0,1.02,Undersaturated,115200.0,Medium,0.11900000000000001,0.73,250,0.44299999999999995,80.0,270,27.67349999999999,34.292399403874896,156.9115,407.87602499999986,257220.57625,292.9464875000001,21.0,0.4589789303079408,0.25912882096070033,0.9568,0.32,4.4,2.2025450000000264,1.0,3.0,33.16212499999998,11200.0,57800.0,0.0,40683.16690442231,2357.9457364341033,28.0,13.0,15302.23150303521,
f1435685,7150,20.42978177150193,265,2950,210.0,35.5,120.0,1.2,514.0,1.06,Highly Undersaturated,21700.0,Very Strong,0.228,0.63,930,0.20800000000000002,760.0,610,27.67349999999999,34.292399403874896,156.9115,407.87602499999986,257220.57625,292.9464875000001,92.0,0.4589789303079408,0.2235,0.84,0.2079,3.5105211267605356,2.2025450000000264,5.7838827838827855,8.780780780780672,33.16212499999998,61000.0,104800.0,25.67164179104483,40683.16690442231,2357.9457364341033,6.0,0.0,49129.34555905403,
f5395128,6680,20.9,134,4390,150.0,43.5,620.0,0.6,1875.0,1.2,Undersaturated,34700.0,Weak,0.221,0.6,110,0.19,90.0,400,27.67349999999999,34.292399403874896,156.9115,407.87602499999986,257220.57625,292.9464875000001,461.0,0.4589789303079408,0.254,0.7534,0.3707,3.5105211267605356,2.2025450000000264,1.0,8.780780780780672,33.16212499999998,30600.0,32100.0,0.0,40683.16690442231,2357.9457364341033,20.0,12.0,49129.34555905403,
1abcd1de,11140,26.0,185,5650,228.0,32.2,347.54914809960695,0.9,1944.0,1.15,Undersaturated,22800.0,Medium,0.255,0.73,410,0.196,370.0,980,27.67349999999999,34.292399403874896,156.9115,407.87602499999986,257220.57625,292.9464875000001,321.0,0.4589789303079408,0.25912882096070033,0.8457892857142872,0.275,3.5105211267605356,2.2025450000000264,5.7838827838827855,8.780780780780672,33.16212499999998,91000.0,7600.0,25.67164179104483,40683.16690442231,2357.9457364341033,11.0,0.0,42396.103840855765,
fe1b5ce9,3390,21.1,154,2000,132.0,15.5,347.54914809960695,38.24694148936168,1140.0,1.0417,Near Saturation,107800.0,Medium,0.138,0.58,180,0.425,80.0,180,27.67349999999999,34.292399403874896,156.9115,407.87602499999986,257220.57625,292.9464875000001,3072.1133879781437,0.4589789303079408,0.3126,0.8457892857142872,0.3273,3.5105211267605356,2.2025450000000264,5.7838827838827855,8.780780780780672,33.16212499999998,18000.0,62122.82321899733,0.0,40683.16690442231,2357.9457364341033,12.0,5.0,49129.34555905403,
e37d4aaa,4410,20.42978177150193,290,12460,160.0,39.7,5920.0,0.6,11350.0,1.206,Full Saturated,123400.0,Weak,0.10099999999999999,0.62,60,0.435,30.0,430,27.67349999999999,34.292399403874896,156.9115,407.87602499999986,257220.57625,292.9464875000001,34637.0,0.4589789303079408,0.25912882096070033,0.8457892857142872,0.23399999999999999,3.5105211267605356,2.2025450000000264,5.7838827838827855,8.780780780780672,33.16212499999998,36000.0,47000.0,700.0,40683.16690442231,2357.9457364341033,56.0,51.0,7478.648946662413,
2882c9d8,4840,20.3,266,2750,165.0,19.0,140.0,24.8,1263.0,1.0544,Near Saturation,90100.0,Medium,0.146,0.76,240,0.385,110.0,450,27.67349999999999,34.292399403874896,156.9115,407.87602499999986,257220.57625,292.9464875000001,102.0,0.4589789303079408,0.25912882096070033,0.8457892857142872,0.28,3.5105211267605356,2.408,3.0,8.780780780780672,33.16212499999998,38900.0,2400.0,0.0,40683.16690442231,2357.9457364341033,11.0,0.0,40825.11167864643,
cff34674,5250,31.1,139,2660,182.0,42.0,760.0,0.5,2575.0,1.281,Undersaturated,77800.0,Weak,0.135,0.67,120,0.305,70.0,350,27.67349999999999,34.292399403874896,156.9115,407.87602499999986,257220.57625,292.9464875000001,569.0,0.4589789303079408,0.25912882096070033,0.8457892857142872,0.33,3.17,2.2025450000000264,1.0,8.780780780780672,33.16212499999998,26700.0,33300.0,0.0,40683.16690442231,2357.9457364341033,17.0,13.0,29809.69185058493,
27dac3b4,5170,31.0,127,3140,136.0,22.9,160.0,11.9,1031.0,1.0526,Undersaturated,89000.0,Weak,0.23199999999999998,0.44,140,0.363,110.0,300,27.67349999999999,34.292399403874896,156.9115,407.87602499999986,257220.57625,292.9464875000001,123.0,0.4589789303079408,0.25912882096070033,0.8457892857142872,0.27699999999999997,3.5105211267605356,2.2025450000000264,5.7838827838827855,8.780780780780672,33.16212499999998,33000.0,41200.0,0.0,40683.16690442231,2357.9457364341033,25.0,17.0,49129.34555905403,
240cc12f,2750,7.9,195,3810,105.0,44.6,940.0,0.8,3448.0,1.23,Undersaturated,114300.0,Weak,0.11900000000000001,0.8,30,0.389,20.0,140,27.67349999999999,34.292399403874896,156.9115,407.87602499999986,257220.57625,292.9464875000001,944.0,0.4589789303079408,0.25912882096070033,0.823,0.37,3.5105211267605356,2.2025450000000264,1.0,1.0,33.16212499999998,13000.0,38600.0,0.0,40683.16690442231,2357.9457364341033,26.0,29.0,49129.34555905403,
319ed836,8820,17.5,122,4980,189.0,41.3,620.0,0.6,2076.0,1.21,Undersaturated,38600.0,Weak,0.243,0.42,100,0.205,90.0,210,27.67349999999999,34.292399403874896,156.9115,407.87602499999986,257220.57625,292.9464875000001,466.0,0.4589789303079408,0.24100000000000002,0.97,0.3611,3.5105211267605356,2.2025450000000264,5.7838827838827855,1.0,33.16212499999998,18000.0,17400.0,25.67164179104483,40683.16690442231,2357.9457364341033,19.0,14.0,24864.84214039979,
3248daad,7890,27.9,77,3490,210.0,19.7,190.0,6.0,1625.0,1.09,Near Saturation,67600.0,Strong,0.17,0.78,610,0.33799999999999997,400.0,280,27.67349999999999,34.292399403874896,156.9115,407.87602499999986,257220.57625,292.9464875000001,143.0,0.4589789303079408,0.2524,0.7657,0.34043012912482085,3.5105211267605356,2.2025450000000264,5.7838827838827855,8.780780780780672,33.16212499999998,33000.0,20000.0,0.0,40683.16690442231,2357.9457364341033,8.0,0.0,58053.30950153947,
d9b75df6,10140,10.6,414,4760,229.0,32.0,240.0,1.0,1052.0,1.1,Undersaturated,23300.0,Very Strong,0.282,0.43,790,0.2,740.0,520,27.67349999999999,34.292399403874896,156.9115,407.87602499999986,257220.57625,292.9464875000001,177.0,0.4589789303079408,0.25912882096070033,0.8892,0.34,3.5105211267605356,2.452,12.0,8.780780780780672,33.16212499999998,43000.0,138400.0,0.0,40683.16690442231,2357.9457364341033,18.025099075297234,9.332857142857154,97047.99333203584,
3ec6d25a,9640,14.6,92,4610,194.0,27.0,60.0,3.9,1588.1898395721917,1.0466,Highly Undersaturated,13100.0,Strong,0.278,0.6,1440,0.195,1230.0,200,27.67349999999999,34.292399403874896,156.9115,407.87602499999986,257220.57625,292.9464875000001,47.0,0.4589789303079408,0.23,0.8457892857142872,0.3087,3.5105211267605356,2.7089999999999996,5.7838827838827855,8.780780780780672,33.16212499999998,15000.0,79700.0,25.67164179104483,40683.16690442231,2357.9457364341033,5.0,0.0,86462.9914784187,
396ad76c,7650,23.4,150,4480,159.0,41.8,180.0,1.1,583.0,1.064,Highly Undersaturated,15500.0,Medium,0.27,0.66,190,0.17300000000000001,180.0,860,27.67349999999999,34.292399403874896,156.9115,407.87602499999986,257220.57625,292.9464875000001,136.0,0.4589789303079408,0.25912882096070033,0.8873,0.177,3.5105211267605356,2.2025450000000264,2.0,8.780780780780672,33.16212499999998,90000.0,105300.0,0.0,40683.16690442231,2357.9457364341033,22.0,18.0,20085.486259184705,
d6ef579a,3580,24.4,123,2500,113.0,14.1,140.0,238.2,1609.0,1.0452,Full Saturated,62233.24099722996,Weak,0.14300000000000002,0.51,100,0.439,50.0,150,27.67349999999999,34.292399403874896,156.9115,407.87602499999986,257220.57625,292.9464875000001,104.0,0.4589789303079408,0.3266,0.9229999999999999,0.2546,3.5105211267605356,2.2025450000000264,1.0,1.0,33.16212499999998,52979.790026246745,22400.0,0.0,40683.16690442231,2357.9457364341033,23.0,18.0,20836.57792089861,
81adc800,1950,28.8,218,8020,111.0,35.1,2420.0,1.9,7274.0,1.113,Full Saturated,124600.0,Weak,0.102,0.45,20,0.446,10.0,230,27.67349999999999,34.292399403874896,156.9115,407.87602499999986,257220.57625,292.9464875000001,2578.0,0.4589789303079408,0.25912882096070033,0.69,0.363,3.5105211267605356,2.2025450000000264,5.7838827838827855,8.780780780780672,33.16212499999998,22000.0,73700.0,200.0,40683.16690442231,2357.9457364341033,178.0,196.0,49129.34555905403,
827bca9b,5840,30.8,171,2760,183.0,11.3,30.0,184.2,454.0,1.0326,Undersaturated,91200.0,Strong,0.204,0.63,920,0.418,560.0,540,27.67349999999999,34.292399403874896,156.9115,407.87602499999986,257220.57625,292.9464875000001,26.0,0.4589789303079408,0.29600000000000004,0.95,0.32,3.5105211267605356,2.2025450000000264,5.7838827838827855,14.0,33.16212499999998,55000.0,95200.0,0.0,40683.16690442231,2357.9457364341033,7.0,2.0,59406.59170307253,
9393d42f,11000,6.3,238,5490,231.0,46.6,347.54914809960695,0.3,2427.0,1.29,Highly Undersaturated,62233.24099722996,Medium,0.275,0.6,360,0.153,423.3383010432194,300,27.67349999999999,34.292399403874896,156.9115,407.87602499999986,257220.57625,292.9464875000001,579.0,0.4589789303079408,0.25912882096070033,0.8270000000000001,0.358,3.5105211267605356,2.2025450000000264,5.7838827838827855,8.780780780780672,33.16212499999998,23000.0,24900.0,25.67164179104483,40683.16690442231,2357.9457364341033,5.0,0.0,100174.16636636363,
74e25b83,3210,15.7,379,1770,148.0,13.3,10.0,654.3,53.0,1.022,Highly Undersaturated,55400.0,Very Strong,0.214,0.77,1350,0.368,610.0,840,27.67349999999999,34.292399403874896,156.9115,407.87602499999986,257220.57625,292.9464875000001,6.0,0.4589789303079408,0.25912882096070033,0.8457892857142872,0.42,3.5105211267605356,2.2025450000000264,5.7838827838827855,8.780780780780672,33.16212499999998,76000.0,62122.82321899733,0.0,40683.16690442231,2357.9457364341033,6.0,2.0,49129.34555905403,
90943745,1990,22.5,294,1320,120.0,33.2,320.0,2.7,1314.0,1.1,Undersaturated,113000.0,Weak,0.163,0.645359394703657,130,0.409,90.0,750,27.67349999999999,34.292399403874896,156.9115,407.87602499999986,257220.57625,292.9464875000001,243.0,0.4589789303079408,0.276,0.8457892857142872,0.276,3.5105211267605356,2.2025450000000264,2.0,3.0,33.16212499999998,77000.0,102200.0,0.0,40683.16690442231,2357.9457364341033,29.0,25.0,17772.458399851315,
78bdb285,1160,18.3,59,910,100.0,32.4,210.0,3.5,795.0,1.06,Undersaturated,115400.0,,0.114,0.68,80,0.42,40.0,70,27.67349999999999,34.292399403874896,156.9115,407.87602499999986,257220.57625,292.9464875000001,202.0,0.4589789303079408,0.25912882096070033,0.9159,0.4369,4.039,2.2025450000000264,0.0,8.780780780780672,33.16212499999998,5200.0,0.0,25.67164179104483,40683.16690442231,2357.9457364341033,73.0,60.0,6107.625935319093,
97383273,10690,10.7,278,5720,204.0,34.0,330.0,1.2,1520.0,1.119,Undersaturated,23300.0,Weak,0.264,0.75,180,0.192,160.0,740,27.67349999999999,34.292399403874896,156.9115,407.87602499999986,257220.57625,292.9464875000001,244.0,0.4589789303079408,0.255,0.9202,0.162,3.5105211267605356,2.23,3.0,8.780780780780672,33.16212499999998,76000.0,80400.0,0.0,40683.16690442231,2357.9457364341033,10.0,6.0,49129.34555905403,
8e24239d,6640,9.8,384,4640,121.0,44.3,1410.0,0.4,3807.0,1.5061,Undersaturated,84700.0,Weak,0.201,0.65,40,0.282,30.0,510,27.67349999999999,34.292399403874896,156.9115,407.87602499999986,257220.57625,292.9464875000001,6936.0,0.4589789303079408,0.2697,0.78,0.38299999999999995,3.636,1.83,5.7838827838827855,1.0,33.16212499999998,52979.790026246745,2000.0,200.0,40683.16690442231,2357.9457364341033,28.0,22.0,17648.732844539958,
660da65d,11670,34.2,194,5890,222.0,43.5,300.0,0.6,1180.0,1.12,Highly Undersaturated,3900.0,Medium,0.295,0.82,620,0.154,590.0,1820,27.67349999999999,34.292399403874896,156.9115,407.87602499999986,257220.57625,292.9464875000001,227.0,0.4589789303079408,0.20600000000000002,0.68,0.413,3.5105211267605356,2.2025450000000264,5.7838827838827855,11.0,33.16212499999998,225100.0,27800.0,25.67164179104483,40683.16690442231,2357.9457364341033,11.0,0.0,39903.00904247137,
85062e5c,2680,14.5,151,1500,129.0,19.2,50.0,77.1,431.0,1.0276,Undersaturated,91100.0,Medium,0.18,0.68,350,0.396,200.0,200,27.67349999999999,34.292399403874896,156.9115,407.87602499999986,257220.57625,292.9464875000001,40.0,0.4589789303079408,0.2948,0.8457892857142872,0.31,2.8760000000000003,2.2025450000000264,5.7838827838827855,4.0,33.16212499999998,19000.0,42200.0,0.0,40683.16690442231,2357.9457364341033,12.0,5.0,42466.98573082831,
dab0be9c,8330,15.9,412,3740,231.0,17.3,347.54914809960695,5.3,2720.0,1.125,Full Saturated,82600.0,Medium,0.14,0.57,520,0.371,300.0,470,27.67349999999999,34.292399403874896,156.9115,407.87602499999986,257220.57625,292.9464875000001,224.0,0.4589789303079408,0.25912882096070033,0.87,0.34043012912482085,3.5105211267605356,2.2025450000000264,11.0,8.780780780780672,33.16212499999998,42000.0,78700.0,0.0,40683.16690442231,2357.9457364341033,5.0,1.0,93853.43361598556,
314f39c7,5980,37.0,125,2960,166.0,30.7,350.0,1.6,1670.0,1.12,Undersaturated,73200.0,Medium,0.158,0.73,220,0.318,140.0,440,27.67349999999999,34.292399403874896,156.9115,407.87602499999986,257220.57625,292.9464875000001,810.0,0.4589789303079408,0.25912882096070033,0.7070000000000001,0.45,3.5105211267605356,2.2025450000000264,1.0,8.780780780780672,33.16212499999998,36700.0,1200.0,0.0,40683.16690442231,2357.9457364341033,16.0,0.0,30820.13008246176,
d244b1c6,8650,28.3,216,4900,222.0,43.6,1250.0,0.2,4467.0,1.61,Undersaturated,61300.0,Medium,0.18600000000000003,0.57,120,0.237,110.0,660,27.67349999999999,34.292399403874896,156.9115,407.87602499999986,257220.57625,292.9464875000001,3072.1133879781437,0.4589789303079408,0.21,0.78,0.325,3.5105211267605356,2.2025450000000264,5.7838827838827855,8.780780780780672,33.16212499999998,79000.0,0.0,25.67164179104483,40683.16690442231,2357.9457364341033,28.0,6.0,49129.34555905403,
c400aa44,4600,22.9,399,2460,157.0,23.6,30.0,14.1,1588.1898395721917,1.03,Highly Undersaturated,28800.0,Strong,0.248,0.39,800,0.25,530.0,1020,27.67349999999999,34.292399403874896,156.9115,407.87602499999986,257220.57625,292.9464875000001,22.0,0.4589789303079408,0.2729,0.9420000000000001,0.2305,3.5105211267605356,2.2025450000000264,7.0,14.0,33.16212499999998,84000.0,42800.0,25.67164179104483,40683.16690442231,2357.9457364341033,14.0,9.332857142857154,49129.34555905403,
270b2245,6750,15.7,90,5060,138.0,45.0,1450.0,38.24694148936168,4599.0,1.7,Undersaturated,62233.24099722996,Weak,0.191,0.65,40,0.252,30.0,220,27.67349999999999,34.292399403874896,156.9115,407.87602499999986,257220.57625,292.9464875000001,5082.0,0.4589789303079408,0.25912882096070033,0.821,0.34043012912482085,3.5105211267605356,2.2025450000000264,0.0,8.780780780780672,33.16212499999998,27000.0,500.0,100.0,40683.16690442231,2357.9457364341033,40.0,42.0,12005.924850477604,
237125e8,3330,26.2,193,2280,132.0,40.9,230.0,1.2,675.0,1.07,Highly Undersaturated,39100.0,,0.184,0.54,180,0.214,130.0,530,27.67349999999999,34.292399403874896,156.9115,407.87602499999986,257220.57625,292.9464875000001,173.0,0.4589789303079408,0.27,0.8695,0.34,3.5105211267605356,2.3,1.0,8.780780780780672,33.16212499999998,44000.0,62700.0,0.0,40683.16690442231,2357.9457364341033,26.0,14.0,19036.062082571487,
f63eb242,2860,3.8,128,4460,155.0,38.1,1030.0,0.9,1588.1898395721917,1.12,Undersaturated,113300.0,Medium,0.10300000000000001,0.72,110,0.40399999999999997,50.0,20,27.67349999999999,34.292399403874896,156.9115,407.87602499999986,257220.57625,292.9464875000001,1768.0,0.4589789303079408,0.25912882096070033,0.8457892857142872,0.39,3.5105211267605356,2.2025450000000264,1.0,1.0,33.16212499999998,3000.0,6200.0,25.67164179104483,40683.16690442231,2357.9457364341033,9.0,0.0,49129.34555905403,
1e173782,7750,16.2,109,3730,188.0,48.0,580.0,0.4,1821.0,1.209,Undersaturated,18200.0,Medium,0.243,0.77,220,0.17,210.0,340,27.67349999999999,34.292399403874896,156.9115,407.87602499999986,257220.57625,292.9464875000001,443.0,0.4589789303079408,0.20600000000000002,0.8909999999999999,0.1858,3.5105211267605356,2.2025450000000264,5.7838827838827855,8.780780780780672,33.16212499999998,31100.0,0.0,0.0,40683.16690442231,2357.9457364341033,11.0,0.0,38541.05880178236,
f244b5ef,2320,18.8,50,6550,118.0,36.4,1750.0,1.7,5939.0,1.1388,Near Saturation,124100.0,None,0.10800000000000001,0.64,30,0.442,10.0,60,27.67349999999999,34.292399403874896,156.9115,407.87602499999986,257220.57625,292.9464875000001,1749.0,0.4589789303079408,0.287,0.7181,0.496,3.5105211267605356,2.645,0.0,0.0,33.16212499999998,6000.0,19400.0,0.0,40683.16690442231,2357.9457364341033,57.0,80.0,7636.722760076487,
15353a43,11190,16.3,238,5830,229.0,37.6,2070.0,0.2,5611.0,1.8191,Near Saturation,50400.0,Weak,0.237,0.7,140,0.217,140.0,590,27.67349999999999,34.292399403874896,156.9115,407.87602499999986,257220.57625,292.9464875000001,6419.0,0.4589789303079408,0.23,0.8457892857142872,0.33,3.5105211267605356,2.2025450000000264,2.0,8.780780780780672,33.16212499999998,57200.0,61400.0,300.0,40683.16690442231,2357.9457364341033,11.0,9.332857142857154,49129.34555905403,
fab0bab5,3410,24.5,280,1610,148.0,31.3,347.54914809960695,2.2,691.0,1.06,Undersaturated,68200.0,Medium,0.161,0.54,290,0.315,423.3383010432194,590,27.67349999999999,34.292399403874896,156.9115,407.87602499999986,257220.57625,292.9464875000001,3072.1133879781437,0.4589789303079408,0.2542,0.8457892857142872,0.34043012912482085,3.5105211267605356,2.2025450000000264,4.0,8.780780780780672,33.16212499999998,47000.0,0.0,0.0,40683.16690442231,2357.9457364341033,19.0,0.0,22182.04576807605,
fecabd18,1340,37.4,164,950,102.0,30.2,170.0,5.5,744.0,1.05,Undersaturated,112400.0,Weak,0.12300000000000001,0.73,170,0.418,423.3383010432194,400,27.67349999999999,34.292399403874896,156.9115,407.87602499999986,257220.57625,292.9464875000001,130.0,0.4589789303079408,0.25912882096070033,0.8457892857142872,0.501,3.5105211267605356,2.2025450000000264,1.0,8.780780780780672,33.16212499999998,36000.0,81400.0,0.0,40683.16690442231,2357.9457364341033,58.0,27.0,7554.572639185815,
4ef9ad2e,8840,16.1,379,4230,201.0,38.7,780.0,0.4,2868.0,1.29,Undersaturated,51100.0,Medium,0.177,0.66,260,0.24600000000000002,180.0,650,27.67349999999999,34.292399403874896,156.9115,407.87602499999986,257220.57625,292.9464875000001,1209.0,0.4589789303079408,0.2274,0.7644,0.32,3.5105211267605356,1.88,6.0,8.0,33.16212499999998,54000.0,7000.0,25.67164179104483,40683.16690442231,2357.9457364341033,8.0,9.332857142857154,49129.34555905403,
4955a818,4380,9.1,138,5600,135.0,43.7,1730.0,0.4,5076.0,1.411,Undersaturated,91700.0,Weak,0.133,0.57,30,0.285,30.0,90,27.67349999999999,34.292399403874896,156.9115,407.87602499999986,257220.57625,292.9464875000001,1726.0,0.4589789303079408,0.2526,0.8457892857142872,0.2424,3.5105211267605356,2.2025450000000264,0.0,0.0,33.16212499999998,7000.0,20500.0,0.0,40683.16690442231,2357.9457364341033,32.0,26.0,49129.34555905403,
a6d028ee,1050,28.0,85,810,96.0,21.8,90.0,35.0,605.0,1.031,Undersaturated,121200.0,Weak,0.105,0.59,100,0.444,423.3383010432194,120,27.67349999999999,34.292399403874896,156.9115,407.87602499999986,257220.57625,292.9464875000001,3072.1133879781437,0.4589789303079408,0.25912882096070033,0.884,0.33,3.5105211267605356,2.2025450000000264,5.7838827838827855,1.0,33.16212499999998,9000.0,34900.0,0.0,40683.16690442231,2357.9457364341033,86.0,47.0,6001.3529524230125,
adf2252f,3560,6.2,195,2380,134.0,20.2,180.0,23.3,1434.0,1.0590000000000002,Near Saturation,103000.0,Weak,0.129,0.69,100,0.405,60.0,100,27.67349999999999,34.292399403874896,156.9115,407.87602499999986,257220.57625,292.9464875000001,137.0,0.4589789303079408,0.316,0.6613,0.34,3.5105211267605356,2.2025450000000264,1.0,8.780780780780672,33.16212499999998,8000.0,9000.0,0.0,40683.16690442231,2357.9457364341033,9.0,5.0,50513.65078454255,
ae2427b4,3970,19.7,211,1440,184.0,19.0,50.0,20.1,436.0,1.0397,Undersaturated,66300.0,Very Strong,0.16399999999999998,0.5,1370,0.36,710.0,290,27.67349999999999,34.292399403874896,156.9115,407.87602499999986,257220.57625,292.9464875000001,39.0,0.4589789303079408,0.26,0.8457892857142872,0.239,3.5105211267605356,2.2025450000000264,10.0,8.780780780780672,33.16212499999998,29000.0,29100.0,0.0,40683.16690442231,2357.9457364341033,7.0,0.0,73035.534326269,
a9882282,9960,10.9,419,4490,228.0,20.0,390.0,3.1,3015.0,1.15,Full Saturated,78200.0,,0.21899999999999997,0.46,620,0.349,500.0,400,27.67349999999999,34.292399403874896,156.9115,407.87602499999986,257220.57625,292.9464875000001,4616.0,0.4589789303079408,0.226,0.8919,0.3081,3.5105211267605356,2.2025450000000264,8.0,16.0,33.16212499999998,43000.0,20900.0,0.0,40683.16690442231,2357.9457364341033,5.0,1.0,49129.34555905403,
b094336c,9410,9.2,181,4520,220.0,17.3,130.0,9.7,1283.0,1.067,Near Saturation,50600.0,Very Strong,0.225,0.76,820,0.303,530.0,270,27.67349999999999,34.292399403874896,156.9115,407.87602499999986,257220.57625,292.9464875000001,99.0,0.4589789303079408,0.25912882096070033,0.9229999999999999,0.2636,3.5105211267605356,1.989,5.7838827838827855,11.0,33.16212499999998,33000.0,62122.82321899733,25.67164179104483,40683.16690442231,2357.9457364341033,5.0,1.0,85772.62745282847,
b4ee34c1,1370,27.0,206,1110,106.0,18.3,50.0,87.6,326.0,1.022,Undersaturated,109600.0,,0.16,0.48,190,0.424,100.0,320,27.67349999999999,34.292399403874896,156.9115,407.87602499999986,257220.57625,292.9464875000001,37.0,0.4589789303079408,0.33,0.8590000000000001,0.2663,3.5105211267605356,2.2025450000000264,5.7838827838827855,2.0,33.16212499999998,33000.0,78300.0,0.0,40683.16690442231,2357.9457364341033,33.0,22.0,15059.958481103371,
5b6bb437,3900,27.5,457,1990,143.0,32.2,340.0,1.3,1813.0,1.15,Undersaturated,97900.0,Weak,0.134,0.68,150,0.365,110.0,840,27.67349999999999,34.292399403874896,156.9115,407.87602499999986,257220.57625,292.9464875000001,342.0,0.4589789303079408,0.268,0.8457892857142872,0.281,3.5105211267605356,2.2025450000000264,5.7838827838827855,6.0,33.16212499999998,67000.0,89800.0,25.67164179104483,40683.16690442231,2357.9457364341033,16.0,9.0,30515.202284707266,
8cf29696,2600,24.3,277,1970,114.0,14.0,10.0,851.3,65.0,1.0189,Highly Undersaturated,56200.0,Medium,0.22,0.62,450,0.349,250.0,790,27.67349999999999,34.292399403874896,156.9115,407.87602499999986,257220.57625,292.9464875000001,3072.1133879781437,0.4589789303079408,0.3312,0.8111,0.26,3.5105211267605356,2.2025450000000264,5.0,8.780780780780672,33.16212499999998,47300.0,124900.0,0.0,40683.16690442231,2357.9457364341033,16.0,7.0,27948.093352768774,
75330de2,4280,9.6,313,2540,135.0,20.7,110.0,17.1,798.0,1.044,Undersaturated,62233.24099722996,Weak,0.161,0.78,230,0.35600000000000004,423.3383010432194,390,27.67349999999999,34.292399403874896,156.9115,407.87602499999986,257220.57625,292.9464875000001,83.0,0.4589789303079408,0.25912882096070033,0.96,0.34043012912482085,3.5105211267605356,2.2025450000000264,5.0,6.0,33.16212499999998,42000.0,1700.0,0.0,40683.16690442231,2357.9457364341033,7.0,0.0,63948.596816803496,
729f08d4,1460,14.2,189,2450,115.0,34.9,490.0,1.8,2218.0,1.082,Undersaturated,62233.24099722996,Weak,0.102,0.645359394703657,100,0.426,50.0,170,27.67349999999999,34.292399403874896,156.9115,407.87602499999986,257220.57625,292.9464875000001,489.0,0.4589789303079408,0.28,0.95,0.37,3.5105211267605356,2.2025450000000264,5.7838827838827855,2.0,33.16212499999998,12000.0,42600.0,0.0,40683.16690442231,2357.9457364341033,24.0,16.0,49129.34555905403,
25dd974e,3360,23.0,77,2660,120.0,22.5,300.0,7.6,2406.0,1.12,Near Saturation,118200.0,None,0.124,0.71,80,0.429,40.0,120,27.67349999999999,34.292399403874896,156.9115,407.87602499999986,257220.57625,292.9464875000001,302.0,0.4589789303079408,0.3126,0.8948,0.545,3.5105211267605356,2.2025450000000264,0.0,1.0,33.16212499999998,12000.0,17000.0,25.67164179104483,40683.16690442231,2357.9457364341033,30.0,17.0,49129.34555905403,
ca5817b8,8860,34.7,153,4000,217.0,38.6,410.0,0.6,1532.0,1.1534,Undersaturated,27900.0,Strong,0.225,0.79,510,0.20199999999999999,390.0,1000,27.67349999999999,34.292399403874896,156.9115,407.87602499999986,257220.57625,292.9464875000001,3072.1133879781437,0.4589789303079408,0.21,0.94,0.4397,3.5105211267605356,1.7,3.0,8.780780780780672,33.16212499999998,73000.0,10900.0,0.0,40683.16690442231,2357.9457364341033,15.0,0.0,27997.58990749251,
260b95d5,9540,25.9,348,5260,198.0,36.8,550.0,0.7,2155.0,1.2,Undersaturated,33600.0,Weak,0.198,0.75,140,0.207,110.0,1320,27.67349999999999,34.292399403874896,156.9115,407.87602499999986,257220.57625,292.9464875000001,415.0,0.4589789303079408,0.26,0.8,0.51,2.74,2.2025450000000264,2.0,4.0,33.16212499999998,114100.0,122200.0,0.0,40683.16690442231,2357.9457364341033,20.0,11.0,23035.737318279283,
d3440656,9090,36.3,140,5080,186.0,24.8,350.0,3.3,2139.0,1.12,Near Saturation,71400.0,Weak,0.24100000000000002,0.61,140,0.309,120.0,640,27.67349999999999,34.292399403874896,156.9115,407.87602499999986,257220.57625,292.9464875000001,3009.0,0.4589789303079408,0.264,0.759,0.35,3.5105211267605356,2.2025450000000264,1.0,8.780780780780672,33.16212499999998,50000.0,13600.0,0.0,40683.16690442231,2357.9457364341033,20.0,14.0,22043.544924517628,
3f17843b,1570,20.42978177150193,158,1100,115.0,24.7,100.0,14.7,512.0,1.03,Undersaturated,103700.0,Weak,0.132,0.57,100,0.406,50.0,170,27.67349999999999,34.292399403874896,156.9115,407.87602499999986,257220.57625,292.9464875000001,75.0,0.4589789303079408,0.25912882096070033,0.8457892857142872,0.31,3.5105211267605356,2.177,1.0,1.0,33.16212499999998,16000.0,22500.0,0.0,40683.16690442231,2357.9457364341033,27.0,19.0,18655.81397729111,
1cc18289,10300,25.3,236,5930,229.0,41.1,1550.0,0.2,5378.0,1.65,Near Saturation,54300.0,Medium,0.174,0.88,300,0.23399999999999999,260.0,950,27.67349999999999,34.292399403874896,156.9115,407.87602499999986,257220.57625,292.9464875000001,5258.0,0.4589789303079408,0.19399999999999998,0.7,0.325,3.5105211267605356,2.04,5.0,8.780780780780672,33.16212499999998,77000.0,0.0,400.0,40683.16690442231,2357.9457364341033,10.0,3.0,46229.82679628127,
f4e80749,4010,23.3,202,2410,131.0,16.3,80.0,60.5,664.0,1.03,Undersaturated,84100.0,Medium,0.166,0.39,250,0.379,130.0,280,27.67349999999999,34.292399403874896,156.9115,407.87602499999986,257220.57625,292.9464875000001,57.0,0.4589789303079408,0.306,0.8457892857142872,0.36,3.5105211267605356,2.888,5.7838827838827855,8.780780780780672,33.16212499999998,23000.0,62122.82321899733,0.0,40683.16690442231,2357.9457364341033,14.0,6.0,35603.33873122207,
ffca0a88,10850,34.2,243,5280,227.0,44.8,670.0,0.3,2129.0,1.2488,Undersaturated,4400.0,Strong,0.28300000000000003,0.56,490,0.153,450.0,1540,27.67349999999999,34.292399403874896,156.9115,407.87602499999986,257220.57625,292.9464875000001,541.0,0.4589789303079408,0.25912882096070033,0.9279999999999999,0.3239,3.5105211267605356,2.2025450000000264,5.7838827838827855,8.780780780780672,33.16212499999998,177700.0,2200.0,100.0,40683.16690442231,2357.9457364341033,11.0,9.332857142857154,45333.99337579719,
e98e110a,3890,22.7,119,2850,120.0,34.5,500.0,1.4,1792.0,1.1261752223634045,Undersaturated,96500.0,,0.184,0.69,80,0.34600000000000003,60.0,310,27.67349999999999,34.292399403874896,156.9115,407.87602499999986,257220.57625,292.9464875000001,377.0,0.4589789303079408,0.25912882096070033,0.8457892857142872,0.4079,3.5105211267605356,2.2025450000000264,0.0,8.780780780780672,33.16212499999998,23000.0,27700.0,0.0,40683.16690442231,2357.9457364341033,33.0,23.0,14757.637207700596,
ea581391,4400,29.9,126,5200,101.0,43.6,1630.0,0.4,4736.0,1.5885,Undersaturated,79900.0,Weak,0.201,0.78,10,0.231,10.0,660,27.67349999999999,34.292399403874896,156.9115,407.87602499999986,257220.57625,292.9464875000001,2481.0,0.4589789303079408,0.25912882096070033,0.8457892857142872,0.32,3.5105211267605356,2.2025450000000264,0.0,0.0,33.16212499999998,53000.0,900.0,300.0,40683.16690442231,2357.9457364341033,170.0,9.332857142857154,2481.8063414253993,
56e50b50,4830,10.5,141,2320,191.0,23.5,60.0,6.0,331.0,1.038,Undersaturated,34600.0,Strong,0.175,0.82,700,0.263,390.0,190,27.67349999999999,34.292399403874896,156.9115,407.87602499999986,257220.57625,292.9464875000001,45.0,0.4589789303079408,0.25912882096070033,0.7,0.364,3.5105211267605356,2.55,5.7838827838827855,8.780780780780672,33.16212499999998,24000.0,21300.0,0.0,40683.16690442231,2357.9457364341033,5.0,0.0,93395.58925010033,
